﻿<?xml version='1.0' encoding='UTF-8'?>
<!-- Generated by LavishSettings v2 -->
<InnerSpaceSettings>
	<Set Name="Asteroid" CatID="25">
		<Set Name="Ice" GroupID="465">
			<Setting Name="Clear Icicle">16262</Setting>
		</Set>
		<Set Name="Omber" GroupID="469">
			<Setting Name="Mercium">28619</Setting>
		</Set>
		<Set Name="Plagioclase" GroupID="458">
			<Setting Name="Azure Plagioclase">17455</Setting>
			<Setting Name="Plagioclase">18</Setting>
			<Setting Name="Rich Plagioclase">17456</Setting>
		</Set>
		<Set Name="Pyroxeres" GroupID="459">
			<Setting Name="Augumene">28618</Setting>
			<Setting Name="Pyroxeres">1224</Setting>
			<Setting Name="Solid Pyroxeres">17459</Setting>
			<Setting Name="Viscous Pyroxeres">17460</Setting>
		</Set>
		<Set Name="Scordite" GroupID="460">
			<Setting Name="Condensed Scordite">17463</Setting>
			<Setting Name="Massive Scordite">17464</Setting>
			<Setting Name="Scordite">1228</Setting>
		</Set>
		<Set Name="Veldspar" GroupID="462">
			<Setting Name="Banidine">28617</Setting>
			<Setting Name="Concentrated Veldspar">17470</Setting>
			<Setting Name="Dense Veldspar">17471</Setting>
			<Setting Name="Veldspar">1230</Setting>
		</Set>
	</Set>
	<Set Name="Celestial" CatID="2">
		<Set Name="Asteroid Belt" GroupID="9">
			<Setting Name="Asteroid Belt">15</Setting>
			<Setting Name="Ice Field">17774</Setting>
		</Set>
		<Set Name="Audit Log Secure Container" GroupID="448">
			<Setting Name="Small Audit Log Secure Container">17363</Setting>
		</Set>
		<Set Name="Beacon" GroupID="310">
			<Setting Name="Celestial Beacon">10645</Setting>
		</Set>
		<Set Name="Biomass" GroupID="14">
			<Setting Name="Corpse">25</Setting>
		</Set>
		<Set Name="Cargo Container" GroupID="12">
			<Setting Name="Cargo Container">23</Setting>
			<Setting Name="Small Standard Container">3297</Setting>
		</Set>
		<Set Name="Cloud" GroupID="227">
			<Setting Name="Amber Cloud">10764</Setting>
			<Setting Name="Dust Cloud">10067</Setting>
			<Setting Name="Dust Streak">10756</Setting>
			<Setting Name="Fire Cloud">10131</Setting>
			<Setting Name="Green Gas Cloud">10765</Setting>
			<Setting Name="Plasma Cloud">10132</Setting>
			<Setting Name="Plasmic Gas Cloud">10757</Setting>
			<Setting Name="Sulphuric Cloud">10755</Setting>
			<Setting Name="Wispy Orange Cloud">10754</Setting>
		</Set>
		<Set Name="Large Collidable Object" GroupID="226">
			<Setting Name="Amarr Commercial Station Ruins">9876</Setting>
			<Setting Name="Asteroid Colony - Factory">10771</Setting>
			<Setting Name="Asteroid Colony - Flat Hulk">10781</Setting>
			<Setting Name="Asteroid Colony - High &amp; Medium Size">10778</Setting>
			<Setting Name="Asteroid Colony - Medium Size">10775</Setting>
			<Setting Name="Asteroid Colony - Refinery">10772</Setting>
			<Setting Name="Asteroid Colony - Wedge Shape">10773</Setting>
			<Setting Name="Asteroid Station - Dark and Spiky">23615</Setting>
			<Setting Name="Beacon">10124</Setting>
			<Setting Name="Caldari Station Ruins - Flat Hulk">9883</Setting>
			<Setting Name="Caldari Station Ruins - Hook Shaped">9882</Setting>
			<Setting Name="Cloven Red Asteroid">23753</Setting>
			<Setting Name="Coral Rock Formation">10267</Setting>
			<Setting Name="Debris - Broken Engine Part 1">10140</Setting>
			<Setting Name="Debris - Broken Engine Part 2">10141</Setting>
			<Setting Name="Dirty Bandit Shipyard">21659</Setting>
			<Setting Name="LCO Cargo Rig">23763</Setting>
			<Setting Name="LCO Freight Pad">23237</Setting>
			<Setting Name="LCO Habitation Brothel">21821</Setting>
			<Setting Name="LCO Habitation Casino">21825</Setting>
			<Setting Name="LCO Habitation Roadhouse">21827</Setting>
			<Setting Name="LCO Radio Telescope">22064</Setting>
			<Setting Name="LCO Spatial Rift">24480</Setting>
			<Setting Name="Outpost/Disc - Spiky &amp; Pulsating">10119</Setting>
			<Setting Name="Rock Formation - Branched &amp; Twisted">10137</Setting>
			<Setting Name="Ruined Monument">3881</Setting>
			<Setting Name="Sharded Rock">10785</Setting>
			<Setting Name="Small Rock">10783</Setting>
			<Setting Name="Snake Shaped Asteroid">10787</Setting>
		</Set>
		<Set Name="Moon" GroupID="8">
			<Setting Name="Moon">14</Setting>
		</Set>
		<Set Name="Planet" GroupID="7">
			<Setting Name="Planet (Barren)">2016</Setting>
			<Setting Name="Planet (Gas)">13</Setting>
			<Setting Name="Planet (Ice)">12</Setting>
			<Setting Name="Planet (Lava)">2015</Setting>
			<Setting Name="Planet (Oceanic)">2014</Setting>
			<Setting Name="Planet (Plasma)">2063</Setting>
			<Setting Name="Planet (Storm)">2017</Setting>
			<Setting Name="Planet (Temperate)">11</Setting>
		</Set>
		<Set Name="Secure Cargo Container" GroupID="340">
			<Setting Name="Giant Secure Container">11489</Setting>
			<Setting Name="Small Secure Container">3467</Setting>
		</Set>
		<Set Name="Stargate" GroupID="10">
			<Setting Name="Stargate (Amarr Border)">29625</Setting>
			<Setting Name="Stargate (Amarr Constellation)">17</Setting>
			<Setting Name="Stargate (Amarr Region)">29626</Setting>
			<Setting Name="Stargate (Amarr System)">29624</Setting>
			<Setting Name="Stargate (Caldari Border)">3873</Setting>
			<Setting Name="Stargate (Caldari Constellation)">29627</Setting>
			<Setting Name="Stargate (Caldari Region)">29629</Setting>
			<Setting Name="Stargate (Caldari System)">16</Setting>
		</Set>
		<Set Name="Sun" GroupID="6">
			<Setting Name="Sun A0 (Blue Small)">3801</Setting>
			<Setting Name="Sun B5 (White Dwarf)">3803</Setting>
			<Setting Name="Sun G3 (Pink Small)">3799</Setting>
			<Setting Name="Sun G5 (Pink)">3797</Setting>
			<Setting Name="Sun G5 (Yellow)">6</Setting>
			<Setting Name="Sun K3 (Yellow Small)">3802</Setting>
			<Setting Name="Sun K5 (Orange Bright)">3798</Setting>
			<Setting Name="Sun K5 (Red Giant)">8</Setting>
			<Setting Name="Sun M0 (Orange radiant)">3800</Setting>
			<Setting Name="Sun O1 (Blue Bright)">3796</Setting>
		</Set>
		<Set Name="Warp Gate" GroupID="366">
			<Setting Name="Acceleration Gate">17831</Setting>
		</Set>
		<Set Name="Wreck" GroupID="186">
			<Setting Name="Amarr Rookie ship Wreck">26488</Setting>
			<Setting Name="Guristas Medium Wreck">26574</Setting>
			<Setting Name="Guristas Small Wreck">26573</Setting>
			<Setting Name="Minmatar Industrial Wreck">26551</Setting>
			<Setting Name="Mission Generic Medium Wreck">26934</Setting>
			<Setting Name="Mission Generic Small Wreck">26935</Setting>
			<Setting Name="Sanshas Small Commander Wreck">26582</Setting>
			<Setting Name="Sanshas Small Wreck">26579</Setting>
		</Set>
	</Set>
	<Set Name="Charge" CatID="8">
		<Set Name="Cruise Missile" GroupID="386">
			<Setting Name="Cataclysm Cruise Missile">204</Setting>
		</Set>
		<Set Name="Defender Missile" GroupID="88">
			<Setting Name="Defender I">265</Setting>
		</Set>
		<Set Name="Heavy Missile" GroupID="385">
			<Setting Name="Havoc Heavy Missile">206</Setting>
			<Setting Name="Scourge Heavy Missile">209</Setting>
			<Setting Name="Widowmaker Heavy Missile">208</Setting>
		</Set>
		<Set Name="Light Missile" GroupID="384">
			<Setting Name="Bloodclaw Light Missile">210</Setting>
			<Setting Name="Flameburst Light Missile">211</Setting>
		</Set>
		<Set Name="Rocket" GroupID="387">
			<Setting Name="Gremlin Rocket">2512</Setting>
			<Setting Name="Thorn Rocket">266</Setting>
		</Set>
		<Set Name="Scanner Probe" GroupID="479">
			<Setting Name="Combat Scanner Probe I">30028</Setting>
			<Setting Name="Sisters Combat Scanner Probe">30486</Setting>
		</Set>
	</Set>
	<Set Name="Drone" CatID="18">
		<Set Name="Combat Drone" GroupID="100">
			<Setting Name="Acolyte I">2203</Setting>
			<Setting Name="Bouncer I">23563</Setting>
			<Setting Name="Hammerhead I">2183</Setting>
			<Setting Name="Hammerhead II">2185</Setting>
			<Setting Name="Hobgoblin I">2454</Setting>
			<Setting Name="Hobgoblin II">2456</Setting>
			<Setting Name="Hornet I">2464</Setting>
			<Setting Name="Infiltrator I">2173</Setting>
			<Setting Name="Ogre II">2446</Setting>
			<Setting Name="Warrior I">2486</Setting>
			<Setting Name="Warrior II">2488</Setting>
		</Set>
		<Set Name="Mining Drone" GroupID="101">
			<Setting Name="Mining Drone I">10246</Setting>
		</Set>
	</Set>
	<Set Name="Entity" CatID="11">
		<Set Name="Asteroid Guristas Frigate" GroupID="562">
			<Setting Name="Guristas Despoiler">2385</Setting>
			<Setting Name="Guristas Invader">2383</Setting>
			<Setting Name="Guristas Plunderer">2386</Setting>
		</Set>
		<Set Name="Asteroid Sansha's Nation Commander Frigate" GroupID="810">
			<Setting Name="True Sansha's Servant">13629</Setting>
		</Set>
		<Set Name="Asteroid Sansha's Nation Frigate" GroupID="567">
			<Setting Name="Sansha's Minion">10273</Setting>
			<Setting Name="Sansha's Ravener">11032</Setting>
			<Setting Name="Sansha's Savage">10027</Setting>
			<Setting Name="Sansha's Scavenger">10026</Setting>
			<Setting Name="Sansha's Servant">10025</Setting>
			<Setting Name="Sansha's Slavehunter">11034</Setting>
		</Set>
		<Set Name="Billboard" GroupID="323">
			<Setting Name="Concord Billboard">11136</Setting>
		</Set>
		<Set Name="Concord Drone" GroupID="301">
			<Setting Name="CONCORD Police Captain">3885</Setting>
			<Setting Name="CONCORD Police Commander">11125</Setting>
		</Set>
		<Set Name="Convoy" GroupID="297">
			<Setting Name="Carrier">10830</Setting>
			<Setting Name="Courier">10828</Setting>
			<Setting Name="Hawker">10831</Setting>
			<Setting Name="Huckster">10832</Setting>
			<Setting Name="Purveyor">10829</Setting>
			<Setting Name="Retailer">10823</Setting>
			<Setting Name="Trader">10827</Setting>
			<Setting Name="Tradesman">10114</Setting>
			<Setting Name="Vanguard">10045</Setting>
		</Set>
		<Set Name="Customs Official" GroupID="446">
			<Setting Name="Amarr Customs General">19371</Setting>
			<Setting Name="Amarr Customs Surveillance Officer">19372</Setting>
			<Setting Name="Caldari Customs Agent">19385</Setting>
			<Setting Name="Caldari Customs Commissioner">19367</Setting>
		</Set>
		<Set Name="Deadspace Guristas BattleCruiser" GroupID="611">
			<Setting Name="Pithatis Assaulter">24015</Setting>
			<Setting Name="Pithatis Death Dealer">24017</Setting>
			<Setting Name="Pithatis Enforcer">24014</Setting>
			<Setting Name="Pithatis Executor">24001</Setting>
			<Setting Name="Pithatis Revolter">24018</Setting>
		</Set>
		<Set Name="Deadspace Guristas Cruiser" GroupID="613">
			<Setting Name="Dire Pithum Inferno">24096</Setting>
			<Setting Name="Dire Pithum Mortifier">24095</Setting>
			<Setting Name="Pithum Eraser">24087</Setting>
			<Setting Name="Pithum Inferno">16991</Setting>
			<Setting Name="Pithum Mortifier">16995</Setting>
			<Setting Name="Pithum Nullifier">16998</Setting>
			<Setting Name="Pithum Silencer">17004</Setting>
		</Set>
		<Set Name="Deadspace Guristas Destroyer" GroupID="614">
			<Setting Name="Pithior Anarchist">23984</Setting>
			<Setting Name="Pithior Guerilla">23986</Setting>
			<Setting Name="Pithior Nihilist">23971</Setting>
			<Setting Name="Pithior Renegade">23985</Setting>
			<Setting Name="Pithior Supremacist">23988</Setting>
			<Setting Name="Pithior Terrorist">23987</Setting>
		</Set>
		<Set Name="Deadspace Guristas Frigate" GroupID="615">
			<Setting Name="Dire Pithi Demolisher">24050</Setting>
			<Setting Name="Dire Pithi Despoiler">24045</Setting>
			<Setting Name="Pithi Demolisher">16986</Setting>
			<Setting Name="Pithi Destructor">16989</Setting>
			<Setting Name="Pithi Plunderer">17001</Setting>
			<Setting Name="Pithi Wrecker">17006</Setting>
		</Set>
		<Set Name="Deadspace Overseer's Structure" GroupID="494">
			<Setting Name="The Damsels Wimpy Prison">19501</Setting>
		</Set>
		<Set Name="Destructible Sentry Gun" GroupID="383">
			<Setting Name="Caldari Stasis Tower">17612</Setting>
			<Setting Name="Guristas Heavy Missile Battery">17598</Setting>
			<Setting Name="Guristas Stasis Tower">17611</Setting>
			<Setting Name="Tower Sentry Angel I">17147</Setting>
			<Setting Name="Tower Sentry Angel II">17146</Setting>
			<Setting Name="Tower Sentry Guristas II">17153</Setting>
		</Set>
		<Set Name="Faction Drone" GroupID="288">
			<Setting Name="Caldari Navy Captain 3rd Rank">10651</Setting>
			<Setting Name="Caldari Navy Vice Admiral">10050</Setting>
			<Setting Name="Imperial Navy Colonel">10001</Setting>
			<Setting Name="Imperial Navy Fleet Marshall">11137</Setting>
			<Setting Name="Imperial Navy Sergeant">9998</Setting>
		</Set>
		<Set Name="Large Collidable Structure" GroupID="319">
			<Setting Name="Angel Lookout">16760</Setting>
			<Setting Name="Asteroid Colony Tower">16846</Setting>
			<Setting Name="Caldari Barricade">16780</Setting>
			<Setting Name="Caldari Elevator">16775</Setting>
			<Setting Name="Caldari Fence">16781</Setting>
			<Setting Name="Caldari Junction">16776</Setting>
			<Setting Name="Caldari Lookout">16777</Setting>
			<Setting Name="Guristas Barricade">16801</Setting>
			<Setting Name="Guristas Barrier">16803</Setting>
			<Setting Name="Guristas Bunker">16796</Setting>
			<Setting Name="Guristas Elevator">16797</Setting>
			<Setting Name="Guristas Fence">16802</Setting>
			<Setting Name="Guristas Junction">16798</Setting>
			<Setting Name="Guristas Lookout">16799</Setting>
			<Setting Name="Guristas Wall">16800</Setting>
			<Setting Name="Habitation module - Residential">17395</Setting>
			<Setting Name="Landing Pad">16735</Setting>
			<Setting Name="LCS Stargate ( Caldari 1 )">24565</Setting>
			<Setting Name="Power Generator">13034</Setting>
			<Setting Name="Radio Telescope">16831</Setting>
			<Setting Name="Shipyard Tough">29468</Setting>
			<Setting Name="Solar Harvester">16738</Setting>
			<Setting Name="Starbase Auxiliary Power Array">17784</Setting>
			<Setting Name="Starbase Explosion Dampening Array">26727</Setting>
			<Setting Name="Starbase Stealth Emitter Array">26725</Setting>
			<Setting Name="Starbase Ultra-Fast Silo">26721</Setting>
			<Setting Name="Stationary Badger II">17629</Setting>
			<Setting Name="Stationary Iteron V">17628</Setting>
		</Set>
		<Set Name="Mission Generic Cruisers" GroupID="817">
			<Setting Name="EoM Black Priest">16095</Setting>
			<Setting Name="EoM Crusader">16096</Setting>
			<Setting Name="EoM Death Knight">16097</Setting>
			<Setting Name="EoM Prophet">16094</Setting>
			<Setting Name="Mercenary Commander">12835</Setting>
			<Setting Name="Mercenary Corporal">19768</Setting>
			<Setting Name="Mercenary Lieutenant">19769</Setting>
			<Setting Name="Olufami">12253</Setting>
			<Setting Name="Seven Assassin">18578</Setting>
		</Set>
		<Set Name="Mission Generic Frigates" GroupID="818">
			<Setting Name="EoM Demon">16091</Setting>
			<Setting Name="EoM Succubus">16090</Setting>
			<Setting Name="Mercenary Fighter">11673</Setting>
			<Setting Name="Seven Death Dealer">18575</Setting>
			<Setting Name="Seven Deathguard">18576</Setting>
		</Set>
		<Set Name="Police Drone" GroupID="182">
			<Setting Name="Amarr Surveillance General Major">11515</Setting>
			<Setting Name="Amarr Surveillance Officer">9959</Setting>
			<Setting Name="Amarr Surveillance Sergeant Major">9960</Setting>
			<Setting Name="Caldari Police 3rd Lieutenant">9970</Setting>
			<Setting Name="Caldari Police Commissioner">11521</Setting>
			<Setting Name="Caldari Police Vice Commissioner">9965</Setting>
		</Set>
		<Set Name="Sentry Gun" GroupID="99">
			<Setting Name="Amarr Sentry Gun">1194</Setting>
			<Setting Name="Caldari Sentry Gun I">3740</Setting>
			<Setting Name="Caldari Sentry Gun II">3741</Setting>
			<Setting Name="Caldari Sentry Gun III">3739</Setting>
			<Setting Name="Minmatar Sentry Gun">3743</Setting>
		</Set>
	</Set>
	<Set Name="Planetary Interaction" CatID="41">
		<Set Name="Planetary Customs Offices" GroupID="1025">
			<Setting Name="Customs Office">2233</Setting>
		</Set>
	</Set>
	<Set Name="Ship" CatID="6">
		<Set Name="Assault Ship" GroupID="324">
			<Setting Name="Enyo">12044</Setting>
			<Setting Name="Harpy">11381</Setting>
			<Setting Name="Hawk">11379</Setting>
			<Setting Name="Ishkur">12042</Setting>
			<Setting Name="Jaguar">11400</Setting>
			<Setting Name="Retribution">11393</Setting>
			<Setting Name="Wolf">11371</Setting>
		</Set>
		<Set Name="Battlecruiser" GroupID="419">
			<Setting Name="Brutix">16229</Setting>
			<Setting Name="Drake">24698</Setting>
			<Setting Name="Ferox">16227</Setting>
			<Setting Name="Harbinger">24696</Setting>
			<Setting Name="Hurricane">24702</Setting>
			<Setting Name="Myrmidon">24700</Setting>
			<Setting Name="Prophecy">16233</Setting>
		</Set>
		<Set Name="Battleship" GroupID="27">
			<Setting Name="Abaddon">24692</Setting>
			<Setting Name="Apocalypse">642</Setting>
			<Setting Name="Armageddon">643</Setting>
			<Setting Name="Armageddon Navy Issue">32305</Setting>
			<Setting Name="Dominix">645</Setting>
			<Setting Name="Hyperion">24690</Setting>
			<Setting Name="Machariel">17738</Setting>
			<Setting Name="Maelstrom">24694</Setting>
			<Setting Name="Megathron">641</Setting>
			<Setting Name="Megathron Navy Issue">17728</Setting>
			<Setting Name="Nightmare">17736</Setting>
			<Setting Name="Rattlesnake">17918</Setting>
			<Setting Name="Raven">638</Setting>
			<Setting Name="Raven Navy Issue">17636</Setting>
			<Setting Name="Rokh">24688</Setting>
			<Setting Name="Scorpion">640</Setting>
			<Setting Name="Scorpion Navy Issue">32309</Setting>
			<Setting Name="Tempest">639</Setting>
			<Setting Name="Typhoon">644</Setting>
			<Setting Name="Typhoon Fleet Issue">32311</Setting>
			<Setting Name="Vindicator">17740</Setting>
		</Set>
		<Set Name="Black Ops" GroupID="898">
			<Setting Name="Redeemer">22428</Setting>
		</Set>
		<Set Name="Capsule" GroupID="29">
			<Setting Name="Capsule">670</Setting>
		</Set>
		<Set Name="Command Ship" GroupID="540">
			<Setting Name="Absolution">22448</Setting>
			<Setting Name="Damnation">22474</Setting>
			<Setting Name="Nighthawk">22470</Setting>
			<Setting Name="Sleipnir">22444</Setting>
		</Set>
		<Set Name="Covert Ops" GroupID="830">
			<Setting Name="Anathema">11188</Setting>
			<Setting Name="Buzzard">11192</Setting>
			<Setting Name="Cheetah">11182</Setting>
			<Setting Name="Helios">11172</Setting>
		</Set>
		<Set Name="Cruiser" GroupID="26">
			<Setting Name="Arbitrator">628</Setting>
			<Setting Name="Blackbird">632</Setting>
			<Setting Name="Caracal">621</Setting>
			<Setting Name="Caracal Navy Issue">17634</Setting>
			<Setting Name="Exequror">634</Setting>
			<Setting Name="Gila">17715</Setting>
			<Setting Name="Omen">2006</Setting>
			<Setting Name="Omen Navy Issue">17709</Setting>
			<Setting Name="Osprey">620</Setting>
			<Setting Name="Rupture">629</Setting>
			<Setting Name="Stabber">622</Setting>
			<Setting Name="Vexor">626</Setting>
		</Set>
		<Set Name="Destroyer" GroupID="420">
			<Setting Name="Catalyst">16240</Setting>
			<Setting Name="Coercer">16236</Setting>
			<Setting Name="Cormorant">16238</Setting>
			<Setting Name="Thrasher">16242</Setting>
		</Set>
		<Set Name="Exhumer" GroupID="543">
			<Setting Name="Hulk">22544</Setting>
			<Setting Name="Mackinaw">22548</Setting>
		</Set>
		<Set Name="Freighter" GroupID="513">
			<Setting Name="Charon">20185</Setting>
			<Setting Name="Fenrir">20189</Setting>
			<Setting Name="Obelisk">20187</Setting>
			<Setting Name="Providence">20183</Setting>
		</Set>
		<Set Name="Frigate" GroupID="25">
			<Setting Name="Atron">608</Setting>
			<Setting Name="Bantam">582</Setting>
			<Setting Name="Caldari Navy Hookbill">17619</Setting>
			<Setting Name="Condor">583</Setting>
			<Setting Name="Crucifier">2161</Setting>
			<Setting Name="Daredevil">17928</Setting>
			<Setting Name="Dramiel">17932</Setting>
			<Setting Name="Executioner">589</Setting>
			<Setting Name="Heron">605</Setting>
			<Setting Name="Imicus">607</Setting>
			<Setting Name="Imperial Navy Slicer">17703</Setting>
			<Setting Name="Inquisitor">590</Setting>
			<Setting Name="Kestrel">602</Setting>
			<Setting Name="Magnate">29248</Setting>
			<Setting Name="Merlin">603</Setting>
			<Setting Name="Probe">586</Setting>
			<Setting Name="Punisher">597</Setting>
			<Setting Name="Republic Fleet Firetail">17812</Setting>
			<Setting Name="Rifter">587</Setting>
			<Setting Name="Slasher">585</Setting>
			<Setting Name="Tormentor">591</Setting>
			<Setting Name="Tristan">593</Setting>
			<Setting Name="Vigil">3766</Setting>
		</Set>
		<Set Name="Heavy Assault Ship" GroupID="358">
			<Setting Name="Ishtar">12005</Setting>
			<Setting Name="Sacrilege">12019</Setting>
		</Set>
		<Set Name="Heavy Interdictor" GroupID="894">
			<Setting Name="Phobos">12021</Setting>
		</Set>
		<Set Name="Industrial" GroupID="28">
			<Setting Name="Badger">648</Setting>
			<Setting Name="Badger Mark II">649</Setting>
			<Setting Name="Bestower">1944</Setting>
			<Setting Name="Hoarder">651</Setting>
			<Setting Name="Iteron">650</Setting>
			<Setting Name="Iteron Mark II">654</Setting>
			<Setting Name="Iteron Mark III">655</Setting>
			<Setting Name="Iteron Mark IV">656</Setting>
			<Setting Name="Iteron Mark V">657</Setting>
			<Setting Name="Mammoth">652</Setting>
			<Setting Name="Noctis">2998</Setting>
			<Setting Name="Sigil">19744</Setting>
		</Set>
		<Set Name="Industrial Command Ship" GroupID="941">
			<Setting Name="Orca">28606</Setting>
		</Set>
		<Set Name="Interceptor" GroupID="831">
			<Setting Name="Ares">11202</Setting>
			<Setting Name="Malediction">11186</Setting>
			<Setting Name="Stiletto">11198</Setting>
		</Set>
		<Set Name="Interdictor" GroupID="541">
			<Setting Name="Flycatcher">22464</Setting>
		</Set>
		<Set Name="Jump Freighter" GroupID="902">
			<Setting Name="Anshar">28848</Setting>
			<Setting Name="Nomad">28846</Setting>
			<Setting Name="Rhea">28844</Setting>
		</Set>
		<Set Name="Logistics" GroupID="832">
			<Setting Name="Basilisk">11985</Setting>
			<Setting Name="Guardian">11987</Setting>
			<Setting Name="Scimitar">11978</Setting>
		</Set>
		<Set Name="Marauder" GroupID="900">
			<Setting Name="Golem">28710</Setting>
			<Setting Name="Kronos">28661</Setting>
			<Setting Name="Paladin">28659</Setting>
			<Setting Name="Vargur">28665</Setting>
		</Set>
		<Set Name="Mining Barge" GroupID="463">
			<Setting Name="Covetor">17476</Setting>
			<Setting Name="Retriever">17478</Setting>
		</Set>
		<Set Name="Rookie ship" GroupID="237">
			<Setting Name="Ibis">601</Setting>
			<Setting Name="Impairor">596</Setting>
			<Setting Name="Reaper">588</Setting>
			<Setting Name="Velator">606</Setting>
		</Set>
		<Set Name="Shuttle" GroupID="31">
			<Setting Name="Amarr Shuttle">11134</Setting>
			<Setting Name="Apotheosis">29266</Setting>
			<Setting Name="Caldari Shuttle">672</Setting>
			<Setting Name="Gallente Shuttle">11129</Setting>
			<Setting Name="Minmatar Shuttle">11132</Setting>
		</Set>
		<Set Name="Stealth Bomber" GroupID="834">
			<Setting Name="Hound">12034</Setting>
			<Setting Name="Manticore">12032</Setting>
		</Set>
		<Set Name="Strategic Cruiser" GroupID="963">
			<Setting Name="Legion">29986</Setting>
			<Setting Name="Loki">29990</Setting>
			<Setting Name="Proteus">29988</Setting>
			<Setting Name="Tengu">29984</Setting>
		</Set>
		<Set Name="Transport Ship" GroupID="380">
			<Setting Name="Bustard">12731</Setting>
			<Setting Name="Crane">12729</Setting>
			<Setting Name="Impel">12753</Setting>
			<Setting Name="Occator">12745</Setting>
			<Setting Name="Prorator">12733</Setting>
			<Setting Name="Prowler">12735</Setting>
			<Setting Name="Viator">12743</Setting>
		</Set>
	</Set>
	<Set Name="Station" CatID="3">
		<Set Name="Station" GroupID="15">
			<Setting Name="Amarr Industrial Station">1928</Setting>
			<Setting Name="Amarr Mining Station">1930</Setting>
			<Setting Name="Amarr Research Station">1931</Setting>
			<Setting Name="Amarr Standard Station">1929</Setting>
			<Setting Name="Amarr Station Hub">1926</Setting>
			<Setting Name="Amarr Station Military">1927</Setting>
			<Setting Name="Amarr Trade Post">1932</Setting>
			<Setting Name="Caldari Food Processing Plant Station">4024</Setting>
			<Setting Name="Caldari Mining Station">4023</Setting>
			<Setting Name="Minmatar Military Station">2498</Setting>
			<Setting Name="Minmatar Station">2501</Setting>
			<Setting Name="Station ( Caldari 5 )">3871</Setting>
			<Setting Name="Station ( Caldari 6 )">3872</Setting>
			<Setting Name="Station ( Gallente 3 )">3865</Setting>
			<Setting Name="Station ( Gallente 5 )">3867</Setting>
			<Setting Name="Station ( Gallente 8 )">3870</Setting>
			<Setting Name="Station (Caldari 1)">1529</Setting>
			<Setting Name="Station (Caldari 2)">1530</Setting>
			<Setting Name="Station (Caldari 3)">1531</Setting>
			<Setting Name="Station (Caldari 4)">54</Setting>
		</Set>
	</Set>
</InnerSpaceSettings>
