﻿<?xml version='1.0' encoding='UTF-8'?>
<!-- Generated by LavishSettings v2 -->
<InnerSpaceSettings>
	<Set Name="Asteroid" CatID="25">
		<Set Name="Ice" GroupID="465">
			<Setting Name="Clear Icicle">16262</Setting>
		</Set>
		<Set Name="Plagioclase" GroupID="458">
			<Setting Name="Azure Plagioclase">17455</Setting>
			<Setting Name="Plagioclase">18</Setting>
			<Setting Name="Rich Plagioclase">17456</Setting>
		</Set>
		<Set Name="Pyroxeres" GroupID="459">
			<Setting Name="Pyroxeres">1224</Setting>
			<Setting Name="Solid Pyroxeres">17459</Setting>
			<Setting Name="Viscous Pyroxeres">17460</Setting>
		</Set>
		<Set Name="Scordite" GroupID="460">
			<Setting Name="Condensed Scordite">17463</Setting>
			<Setting Name="Massive Scordite">17464</Setting>
			<Setting Name="Scordite">1228</Setting>
		</Set>
		<Set Name="Veldspar" GroupID="462">
			<Setting Name="Concentrated Veldspar">17470</Setting>
			<Setting Name="Dense Veldspar">17471</Setting>
			<Setting Name="Veldspar">1230</Setting>
		</Set>
	</Set>
	<Set Name="Celestial" CatID="2">
		<Set Name="Asteroid Belt" GroupID="9">
			<Setting Name="Asteroid Belt">15</Setting>
			<Setting Name="Ice Field">17774</Setting>
		</Set>
		<Set Name="Beacon" GroupID="310">
			<Setting Name="Celestial Beacon">10645</Setting>
		</Set>
		<Set Name="Biomass" GroupID="14">
			<Setting Name="Corpse">25</Setting>
		</Set>
		<Set Name="Cargo Container" GroupID="12">
			<Setting Name="Cargo Container">23</Setting>
		</Set>
		<Set Name="Cloud" GroupID="227">
			<Setting Name="Dust Cloud">10067</Setting>
			<Setting Name="Dust Streak">10756</Setting>
			<Setting Name="Green Gas Cloud">10765</Setting>
		</Set>
		<Set Name="Large Collidable Object" GroupID="226">
			<Setting Name="Asteroid Colony - Factory">10771</Setting>
			<Setting Name="Asteroid Colony - Flat Hulk">10781</Setting>
			<Setting Name="Asteroid Colony - High &amp; Medium Size">10778</Setting>
			<Setting Name="Asteroid Colony - Wedge Shape">10773</Setting>
			<Setting Name="Beacon">10124</Setting>
			<Setting Name="Caldari Station Ruins - Flat Hulk">9883</Setting>
			<Setting Name="Caldari Station Ruins - Hook Shaped">9882</Setting>
			<Setting Name="Debris - Broken Engine Part 1">10140</Setting>
			<Setting Name="Debris - Broken Engine Part 2">10141</Setting>
			<Setting Name="Dirty Bandit Shipyard">21659</Setting>
			<Setting Name="Outpost/Disc - Spiky &amp; Pulsating">10119</Setting>
			<Setting Name="Rock Formation - Branched &amp; Twisted">10137</Setting>
			<Setting Name="Ruined Monument">3881</Setting>
			<Setting Name="Snake Shaped Asteroid">10787</Setting>
		</Set>
		<Set Name="Moon" GroupID="8">
			<Setting Name="Moon">14</Setting>
		</Set>
		<Set Name="Planet" GroupID="7">
			<Setting Name="Planet (Barren)">2016</Setting>
			<Setting Name="Planet (Gas)">13</Setting>
			<Setting Name="Planet (Ice)">12</Setting>
			<Setting Name="Planet (Lava)">2015</Setting>
			<Setting Name="Planet (Oceanic)">2014</Setting>
			<Setting Name="Planet (Plasma)">2063</Setting>
			<Setting Name="Planet (Storm)">2017</Setting>
			<Setting Name="Planet (Temperate)">11</Setting>
		</Set>
		<Set Name="Secure Cargo Container" GroupID="340">
			<Setting Name="Giant Secure Container">11489</Setting>
			<Setting Name="Small Secure Container">3467</Setting>
		</Set>
		<Set Name="Stargate" GroupID="10">
			<Setting Name="Stargate (Caldari Constellation)">29627</Setting>
			<Setting Name="Stargate (Caldari Region)">29629</Setting>
			<Setting Name="Stargate (Caldari System)">16</Setting>
			<Setting Name="Stargate (Amarr System)">29624</Setting>
		</Set>
		<Set Name="Sun" GroupID="6">
			<Setting Name="Sun A0 (Blue Small)">3801</Setting>
			<Setting Name="Sun G3 (Pink Small)">3799</Setting>
			<Setting Name="Sun G5 (Pink)">3797</Setting>
			<Setting Name="Sun G5 (Yellow)">6</Setting>
			<Setting Name="Sun K5 (Orange Bright)">3798</Setting>
			<Setting Name="Sun K5 (Red Giant)">8</Setting>
			<Setting Name="Sun M0 (Orange radiant)">3800</Setting>
			<Setting Name="Sun O1 (Blue Bright)">3796</Setting>
		</Set>
		<Set Name="Wreck" GroupID="186">
			<Setting Name="Guristas Medium Wreck">26574</Setting>
			<Setting Name="Guristas Small Wreck">26573</Setting>
			<Setting Name="Sanshas Small Wreck">26579</Setting>
		</Set>
	</Set>
	<Set Name="Charge" CatID="8">
		<Set Name="Cruise Missile" GroupID="386">
			<Setting Name="Cataclysm Cruise Missile">204</Setting>
		</Set>
		<Set Name="Defender Missile" GroupID="88">
			<Setting Name="Defender I">265</Setting>
		</Set>
		<Set Name="Heavy Missile" GroupID="385">
			<Setting Name="Scourge Heavy Missile">209</Setting>
		</Set>
		<Set Name="Light Missile" GroupID="384">
			<Setting Name="Bloodclaw Light Missile">210</Setting>
			<Setting Name="Flameburst Light Missile">211</Setting>
		</Set>
		<Set Name="Rocket" GroupID="387">
			<Setting Name="Thorn Rocket">266</Setting>
		</Set>
	</Set>
	<Set Name="Drone" CatID="18">
		<Set Name="Combat Drone" GroupID="100">
			<Setting Name="Acolyte I">2203</Setting>
			<Setting Name="Bouncer I">23563</Setting>
			<Setting Name="Hammerhead II">2185</Setting>
			<Setting Name="Hobgoblin II">2456</Setting>
			<Setting Name="Hornet I">2464</Setting>
			<Setting Name="Ogre II">2446</Setting>
		</Set>
		<Set Name="Mining Drone" GroupID="101">
			<Setting Name="Mining Drone I">10246</Setting>
		</Set>
	</Set>
	<Set Name="Entity" CatID="11">
		<Set Name="Asteroid Guristas Frigate" GroupID="562">
			<Setting Name="Guristas Despoiler">2385</Setting>
			<Setting Name="Guristas Plunderer">2386</Setting>
		</Set>
		<Set Name="Billboard" GroupID="323">
			<Setting Name="Concord Billboard">11136</Setting>
		</Set>
		<Set Name="Concord Drone" GroupID="301">
			<Setting Name="CONCORD Police Captain">3885</Setting>
			<Setting Name="CONCORD Police Commander">11125</Setting>
		</Set>
		<Set Name="Customs Official" GroupID="446">
			<Setting Name="Caldari Customs Agent">19385</Setting>
			<Setting Name="Caldari Customs Commissioner">19367</Setting>
		</Set>
		<Set Name="Deadspace Guristas BattleCruiser" GroupID="611">
			<Setting Name="Pithatis Assaulter">24015</Setting>
			<Setting Name="Pithatis Death Dealer">24017</Setting>
			<Setting Name="Pithatis Enforcer">24014</Setting>
			<Setting Name="Pithatis Executor">24001</Setting>
			<Setting Name="Pithatis Revolter">24018</Setting>
		</Set>
		<Set Name="Deadspace Guristas Cruiser" GroupID="613">
			<Setting Name="Dire Pithum Inferno">24096</Setting>
			<Setting Name="Dire Pithum Mortifier">24095</Setting>
			<Setting Name="Pithum Eraser">24087</Setting>
		</Set>
		<Set Name="Deadspace Guristas Destroyer" GroupID="614">
			<Setting Name="Pithior Nihilist">23971</Setting>
			<Setting Name="Pithior Renegade">23985</Setting>
		</Set>
		<Set Name="Deadspace Guristas Frigate" GroupID="615">
			<Setting Name="Dire Pithi Demolisher">24050</Setting>
			<Setting Name="Dire Pithi Despoiler">24045</Setting>
			<Setting Name="Pithi Wrecker">17006</Setting>
		</Set>
		<Set Name="Destructible Sentry Gun" GroupID="383">
			<Setting Name="Caldari Stasis Tower">17612</Setting>
			<Setting Name="Tower Sentry Guristas II">17153</Setting>
		</Set>
		<Set Name="Faction Drone" GroupID="288">
			<Setting Name="Caldari Navy Captain 3rd Rank">10651</Setting>
			<Setting Name="Caldari Navy Vice Admiral">10050</Setting>
		</Set>
		<Set Name="Large Collidable Structure" GroupID="319">
			<Setting Name="Guristas Bunker">16796</Setting>
			<Setting Name="Guristas Elevator">16797</Setting>
			<Setting Name="Guristas Fence">16802</Setting>
			<Setting Name="Guristas Junction">16798</Setting>
			<Setting Name="Guristas Wall">16800</Setting>
			<Setting Name="Habitation module - Residential">17395</Setting>
			<Setting Name="LCS Stargate ( Caldari 1 )">24565</Setting>
			<Setting Name="Power Generator">13034</Setting>
			<Setting Name="Starbase Auxiliary Power Array">17784</Setting>
			<Setting Name="Starbase Explosion Dampening Array">26727</Setting>
			<Setting Name="Starbase Stealth Emitter Array">26725</Setting>
			<Setting Name="Starbase Ultra-Fast Silo">26721</Setting>
		</Set>
		<Set Name="Police Drone" GroupID="182">
			<Setting Name="Caldari Police 3rd Lieutenant">9970</Setting>
			<Setting Name="Caldari Police Commissioner">11521</Setting>
			<Setting Name="Caldari Police Vice Commissioner">9965</Setting>
		</Set>
		<Set Name="Sentry Gun" GroupID="99">
			<Setting Name="Caldari Sentry Gun I">3740</Setting>
			<Setting Name="Caldari Sentry Gun II">3741</Setting>
			<Setting Name="Caldari Sentry Gun III">3739</Setting>
			<Setting Name="Minmatar Sentry Gun">3743</Setting>
		</Set>
	</Set>
	<Set Name="Planetary Interaction" CatID="41">
		<Set Name="Planetary Customs Offices" GroupID="1025">
			<Setting Name="Customs Office">2233</Setting>
		</Set>
	</Set>
	<Set Name="Ship" CatID="6">
		<Set Name="Assault Ship" GroupID="324">
			<Setting Name="Hawk">11379</Setting>
		</Set>
		<Set Name="Battlecruiser" GroupID="419">
			<Setting Name="Drake">24698</Setting>
			<Setting Name="Ferox">16227</Setting>
			<Setting Name="Hurricane">24702</Setting>
		</Set>
		<Set Name="Battleship" GroupID="27">
			<Setting Name="Apocalypse">642</Setting>
			<Setting Name="Dominix">645</Setting>
			<Setting Name="Machariel">17738</Setting>
			<Setting Name="Maelstrom">24694</Setting>
			<Setting Name="Megathron Navy Issue">17728</Setting>
			<Setting Name="Rattlesnake">17918</Setting>
			<Setting Name="Raven">638</Setting>
			<Setting Name="Raven Navy Issue">17636</Setting>
			<Setting Name="Scorpion">640</Setting>
			<Setting Name="Scorpion Navy Issue">32309</Setting>
			<Setting Name="Typhoon">644</Setting>
			<Setting Name="Vindicator">17740</Setting>
		</Set>
		<Set Name="Capsule" GroupID="29">
			<Setting Name="Capsule">670</Setting>
		</Set>
		<Set Name="Covert Ops" GroupID="830">
			<Setting Name="Anathema">11188</Setting>
		</Set>
		<Set Name="Cruiser" GroupID="26">
			<Setting Name="Caracal">621</Setting>
			<Setting Name="Stabber">622</Setting>
		</Set>
		<Set Name="Destroyer" GroupID="420">
			<Setting Name="Cormorant">16238</Setting>
			<Setting Name="Thrasher">16242</Setting>
		</Set>
		<Set Name="Exhumer" GroupID="543">
			<Setting Name="Hulk">22544</Setting>
			<Setting Name="Mackinaw">22548</Setting>
		</Set>
		<Set Name="Freighter" GroupID="513">
			<Setting Name="Charon">20185</Setting>
			<Setting Name="Obelisk">20187</Setting>
		</Set>
		<Set Name="Frigate" GroupID="25">
			<Setting Name="Atron">608</Setting>
			<Setting Name="Caldari Navy Hookbill">17619</Setting>
			<Setting Name="Dramiel">17932</Setting>
			<Setting Name="Executioner">589</Setting>
			<Setting Name="Heron">605</Setting>
			<Setting Name="Imicus">607</Setting>
			<Setting Name="Merlin">603</Setting>
			<Setting Name="Punisher">597</Setting>
			<Setting Name="Rifter">587</Setting>
			<Setting Name="Vigil">3766</Setting>
		</Set>
		<Set Name="Heavy Assault Ship" GroupID="358">
			<Setting Name="Ishtar">12005</Setting>
		</Set>
		<Set Name="Industrial" GroupID="28">
			<Setting Name="Badger">648</Setting>
			<Setting Name="Badger Mark II">649</Setting>
			<Setting Name="Bestower">1944</Setting>
			<Setting Name="Iteron Mark V">657</Setting>
			<Setting Name="Mammoth">652</Setting>
			<Setting Name="Noctis">2998</Setting>
			<Setting Name="Sigil">19744</Setting>
		</Set>
		<Set Name="Industrial Command Ship" GroupID="941">
			<Setting Name="Orca">28606</Setting>
		</Set>
		<Set Name="Interdictor" GroupID="541">
			<Setting Name="Flycatcher">22464</Setting>
		</Set>
		<Set Name="Jump Freighter" GroupID="902">
			<Setting Name="Nomad">28846</Setting>
		</Set>
		<Set Name="Logistics" GroupID="832">
			<Setting Name="Guardian">11987</Setting>
		</Set>
		<Set Name="Marauder" GroupID="900">
			<Setting Name="Golem">28710</Setting>
			<Setting Name="Vargur">28665</Setting>
		</Set>
		<Set Name="Mining Barge" GroupID="463">
			<Setting Name="Covetor">17476</Setting>
		</Set>
		<Set Name="Rookie ship" GroupID="237">
			<Setting Name="Ibis">601</Setting>
			<Setting Name="Reaper">588</Setting>
		</Set>
		<Set Name="Shuttle" GroupID="31">
			<Setting Name="Amarr Shuttle">11134</Setting>
			<Setting Name="Caldari Shuttle">672</Setting>
			<Setting Name="Minmatar Shuttle">11132</Setting>
		</Set>
		<Set Name="Stealth Bomber" GroupID="834">
			<Setting Name="Manticore">12032</Setting>
		</Set>
		<Set Name="Strategic Cruiser" GroupID="963">
			<Setting Name="Legion">29986</Setting>
			<Setting Name="Loki">29990</Setting>
			<Setting Name="Proteus">29988</Setting>
			<Setting Name="Tengu">29984</Setting>
		</Set>
		<Set Name="Transport Ship" GroupID="380">
			<Setting Name="Bustard">12731</Setting>
			<Setting Name="Occator">12745</Setting>
			<Setting Name="Prowler">12735</Setting>
			<Setting Name="Viator">12743</Setting>
		</Set>
	</Set>
	<Set Name="Station" CatID="3">
		<Set Name="Station" GroupID="15">
			<Setting Name="Amarr Standard Station">1929</Setting>
			<Setting Name="Caldari Food Processing Plant Station">4024</Setting>
			<Setting Name="Caldari Mining Station">4023</Setting>
			<Setting Name="Minmatar Station">2501</Setting>
			<Setting Name="Station ( Caldari 5 )">3871</Setting>
			<Setting Name="Station ( Caldari 6 )">3872</Setting>
			<Setting Name="Station ( Gallente 3 )">3865</Setting>
			<Setting Name="Station (Caldari 1)">1529</Setting>
			<Setting Name="Station (Caldari 2)">1530</Setting>
			<Setting Name="Station (Caldari 3)">1531</Setting>
			<Setting Name="Station (Caldari 4)">54</Setting>
			<Setting Name="Amarr Mining Station">1930</Setting>
		</Set>
	</Set>
</InnerSpaceSettings>
