﻿<?xml version='1.0' encoding='UTF-8'?>
<!-- Generated by LavishSettings v2 -->
<InnerSpaceSettings>
	<Setting Name="Acolyte I" Group="Combat Drone" GroupID="100" Category="Drone" CategoryID="18">2203</Setting>
	<Setting Name="Amarr Mining Station" Group="Station" GroupID="15" Category="Station" CategoryID="3">1930</Setting>
	<Setting Name="Amarr Shuttle" Group="Shuttle" GroupID="31" Category="Ship" CategoryID="6">11134</Setting>
	<Setting Name="Amarr Standard Station" Group="Station" GroupID="15" Category="Station" CategoryID="3">1929</Setting>
	<Setting Name="Anathema" Group="Covert Ops" GroupID="830" Category="Ship" CategoryID="6">11188</Setting>
	<Setting Name="Apocalypse" Group="Battleship" GroupID="27" Category="Ship" CategoryID="6">642</Setting>
	<Setting Name="Asteroid Belt" Group="Asteroid Belt" GroupID="9" Category="Celestial" CategoryID="2">15</Setting>
	<Setting Name="Asteroid Colony - Factory" Group="Large Collidable Object" GroupID="226" Category="Celestial" CategoryID="2">10771</Setting>
	<Setting Name="Asteroid Colony - Flat Hulk" Group="Large Collidable Object" GroupID="226" Category="Celestial" CategoryID="2">10781</Setting>
	<Setting Name="Asteroid Colony - High &amp; Medium Size" Group="Large Collidable Object" GroupID="226" Category="Celestial" CategoryID="2">10778</Setting>
	<Setting Name="Asteroid Colony - Wedge Shape" Group="Large Collidable Object" GroupID="226" Category="Celestial" CategoryID="2">10773</Setting>
	<Setting Name="Atron" Group="Frigate" GroupID="25" Category="Ship" CategoryID="6">608</Setting>
	<Setting Name="Azure Plagioclase" Group="Plagioclase" GroupID="458" Category="Asteroid" CategoryID="25">17455</Setting>
	<Setting Name="Badger" Group="Industrial" GroupID="28" Category="Ship" CategoryID="6">648</Setting>
	<Setting Name="Badger Mark II" Group="Industrial" GroupID="28" Category="Ship" CategoryID="6">649</Setting>
	<Setting Name="Beacon" Group="Large Collidable Object" GroupID="226" Category="Celestial" CategoryID="2">10124</Setting>
	<Setting Name="Bestower" Group="Industrial" GroupID="28" Category="Ship" CategoryID="6">1944</Setting>
	<Setting Name="Bloodclaw Light Missile" Group="Light Missile" GroupID="384" Category="Charge" CategoryID="8">210</Setting>
	<Setting Name="Bouncer I" Group="Combat Drone" GroupID="100" Category="Drone" CategoryID="18">23563</Setting>
	<Setting Name="Bustard" Group="Transport Ship" GroupID="380" Category="Ship" CategoryID="6">12731</Setting>
	<Setting Name="Caldari Customs Agent" Group="Customs Official" GroupID="446" Category="Entity" CategoryID="11">19385</Setting>
	<Setting Name="Caldari Customs Commissioner" Group="Customs Official" GroupID="446" Category="Entity" CategoryID="11">19367</Setting>
	<Setting Name="Caldari Food Processing Plant Station" Group="Station" GroupID="15" Category="Station" CategoryID="3">4024</Setting>
	<Setting Name="Caldari Mining Station" Group="Station" GroupID="15" Category="Station" CategoryID="3">4023</Setting>
	<Setting Name="Caldari Navy Captain 3rd Rank" Group="Faction Drone" GroupID="288" Category="Entity" CategoryID="11">10651</Setting>
	<Setting Name="Caldari Navy Hookbill" Group="Frigate" GroupID="25" Category="Ship" CategoryID="6">17619</Setting>
	<Setting Name="Caldari Navy Vice Admiral" Group="Faction Drone" GroupID="288" Category="Entity" CategoryID="11">10050</Setting>
	<Setting Name="Caldari Police 3rd Lieutenant" Group="Police Drone" GroupID="182" Category="Entity" CategoryID="11">9970</Setting>
	<Setting Name="Caldari Police Commissioner" Group="Police Drone" GroupID="182" Category="Entity" CategoryID="11">11521</Setting>
	<Setting Name="Caldari Police Vice Commissioner" Group="Police Drone" GroupID="182" Category="Entity" CategoryID="11">9965</Setting>
	<Setting Name="Caldari Sentry Gun I" Group="Sentry Gun" GroupID="99" Category="Entity" CategoryID="11">3740</Setting>
	<Setting Name="Caldari Sentry Gun II" Group="Sentry Gun" GroupID="99" Category="Entity" CategoryID="11">3741</Setting>
	<Setting Name="Caldari Sentry Gun III" Group="Sentry Gun" GroupID="99" Category="Entity" CategoryID="11">3739</Setting>
	<Setting Name="Caldari Shuttle" Group="Shuttle" GroupID="31" Category="Ship" CategoryID="6">672</Setting>
	<Setting Name="Caldari Stasis Tower" Group="Destructible Sentry Gun" GroupID="383" Category="Entity" CategoryID="11">17612</Setting>
	<Setting Name="Caldari Station Ruins - Flat Hulk" Group="Large Collidable Object" GroupID="226" Category="Celestial" CategoryID="2">9883</Setting>
	<Setting Name="Caldari Station Ruins - Hook Shaped" Group="Large Collidable Object" GroupID="226" Category="Celestial" CategoryID="2">9882</Setting>
	<Setting Name="Capsule" Group="Capsule" GroupID="29" Category="Ship" CategoryID="6">670</Setting>
	<Setting Name="Caracal" Group="Cruiser" GroupID="26" Category="Ship" CategoryID="6">621</Setting>
	<Setting Name="Cargo Container" Group="Cargo Container" GroupID="12" Category="Celestial" CategoryID="2">23</Setting>
	<Setting Name="Cataclysm Cruise Missile" Group="Cruise Missile" GroupID="386" Category="Charge" CategoryID="8">204</Setting>
	<Setting Name="Celestial Beacon" Group="Beacon" GroupID="310" Category="Celestial" CategoryID="2">10645</Setting>
	<Setting Name="Charon" Group="Freighter" GroupID="513" Category="Ship" CategoryID="6">20185</Setting>
	<Setting Name="Clear Icicle" Group="Ice" GroupID="465" Category="Asteroid" CategoryID="25">16262</Setting>
	<Setting Name="Concentrated Veldspar" Group="Veldspar" GroupID="462" Category="Asteroid" CategoryID="25">17470</Setting>
	<Setting Name="Concord Billboard" Group="Billboard" GroupID="323" Category="Entity" CategoryID="11">11136</Setting>
	<Setting Name="CONCORD Police Captain" Group="Concord Drone" GroupID="301" Category="Entity" CategoryID="11">3885</Setting>
	<Setting Name="CONCORD Police Commander" Group="Concord Drone" GroupID="301" Category="Entity" CategoryID="11">11125</Setting>
	<Setting Name="Condensed Scordite" Group="Scordite" GroupID="460" Category="Asteroid" CategoryID="25">17463</Setting>
	<Setting Name="Cormorant" Group="Destroyer" GroupID="420" Category="Ship" CategoryID="6">16238</Setting>
	<Setting Name="Corpse" Group="Biomass" GroupID="14" Category="Celestial" CategoryID="2">25</Setting>
	<Setting Name="Covetor" Group="Mining Barge" GroupID="463" Category="Ship" CategoryID="6">17476</Setting>
	<Setting Name="Customs Office" Group="Planetary Customs Offices" GroupID="1025" Category="Planetary Interaction" CategoryID="41">2233</Setting>
	<Setting Name="Debris - Broken Engine Part 1" Group="Large Collidable Object" GroupID="226" Category="Celestial" CategoryID="2">10140</Setting>
	<Setting Name="Debris - Broken Engine Part 2" Group="Large Collidable Object" GroupID="226" Category="Celestial" CategoryID="2">10141</Setting>
	<Setting Name="Defender I" Group="Defender Missile" GroupID="88" Category="Charge" CategoryID="8">265</Setting>
	<Setting Name="Dense Veldspar" Group="Veldspar" GroupID="462" Category="Asteroid" CategoryID="25">17471</Setting>
	<Setting Name="Dire Pithi Demolisher" Group="Deadspace Guristas Frigate" GroupID="615" Category="Entity" CategoryID="11">24050</Setting>
	<Setting Name="Dire Pithi Despoiler" Group="Deadspace Guristas Frigate" GroupID="615" Category="Entity" CategoryID="11">24045</Setting>
	<Setting Name="Dire Pithum Inferno" Group="Deadspace Guristas Cruiser" GroupID="613" Category="Entity" CategoryID="11">24096</Setting>
	<Setting Name="Dire Pithum Mortifier" Group="Deadspace Guristas Cruiser" GroupID="613" Category="Entity" CategoryID="11">24095</Setting>
	<Setting Name="Dirty Bandit Shipyard" Group="Large Collidable Object" GroupID="226" Category="Celestial" CategoryID="2">21659</Setting>
	<Setting Name="Dominix" Group="Battleship" GroupID="27" Category="Ship" CategoryID="6">645</Setting>
	<Setting Name="Drake" Group="Battlecruiser" GroupID="419" Category="Ship" CategoryID="6">24698</Setting>
	<Setting Name="Dramiel" Group="Frigate" GroupID="25" Category="Ship" CategoryID="6">17932</Setting>
	<Setting Name="Dust Cloud" Group="Cloud" GroupID="227" Category="Celestial" CategoryID="2">10067</Setting>
	<Setting Name="Dust Streak" Group="Cloud" GroupID="227" Category="Celestial" CategoryID="2">10756</Setting>
	<Setting Name="Executioner" Group="Frigate" GroupID="25" Category="Ship" CategoryID="6">589</Setting>
	<Setting Name="Ferox" Group="Battlecruiser" GroupID="419" Category="Ship" CategoryID="6">16227</Setting>
	<Setting Name="Flameburst Light Missile" Group="Light Missile" GroupID="384" Category="Charge" CategoryID="8">211</Setting>
	<Setting Name="Flycatcher" Group="Interdictor" GroupID="541" Category="Ship" CategoryID="6">22464</Setting>
	<Setting Name="Giant Secure Container" Group="Secure Cargo Container" GroupID="340" Category="Celestial" CategoryID="2">11489</Setting>
	<Setting Name="Golem" Group="Marauder" GroupID="900" Category="Ship" CategoryID="6">28710</Setting>
	<Setting Name="Green Gas Cloud" Group="Cloud" GroupID="227" Category="Celestial" CategoryID="2">10765</Setting>
	<Setting Name="Guardian" Group="Logistics" GroupID="832" Category="Ship" CategoryID="6">11987</Setting>
	<Setting Name="Guristas Bunker" Group="Large Collidable Structure" GroupID="319" Category="Entity" CategoryID="11">16796</Setting>
	<Setting Name="Guristas Despoiler" Group="Asteroid Guristas Frigate" GroupID="562" Category="Entity" CategoryID="11">2385</Setting>
	<Setting Name="Guristas Elevator" Group="Large Collidable Structure" GroupID="319" Category="Entity" CategoryID="11">16797</Setting>
	<Setting Name="Guristas Fence" Group="Large Collidable Structure" GroupID="319" Category="Entity" CategoryID="11">16802</Setting>
	<Setting Name="Guristas Junction" Group="Large Collidable Structure" GroupID="319" Category="Entity" CategoryID="11">16798</Setting>
	<Setting Name="Guristas Medium Wreck" Group="Wreck" GroupID="186" Category="Celestial" CategoryID="2">26574</Setting>
	<Setting Name="Guristas Plunderer" Group="Asteroid Guristas Frigate" GroupID="562" Category="Entity" CategoryID="11">2386</Setting>
	<Setting Name="Guristas Small Wreck" Group="Wreck" GroupID="186" Category="Celestial" CategoryID="2">26573</Setting>
	<Setting Name="Guristas Wall" Group="Large Collidable Structure" GroupID="319" Category="Entity" CategoryID="11">16800</Setting>
	<Setting Name="Habitation module - Residential" Group="Large Collidable Structure" GroupID="319" Category="Entity" CategoryID="11">17395</Setting>
	<Setting Name="Hammerhead II" Group="Combat Drone" GroupID="100" Category="Drone" CategoryID="18">2185</Setting>
	<Setting Name="Hawk" Group="Assault Ship" GroupID="324" Category="Ship" CategoryID="6">11379</Setting>
	<Setting Name="Heron" Group="Frigate" GroupID="25" Category="Ship" CategoryID="6">605</Setting>
	<Setting Name="Hobgoblin II" Group="Combat Drone" GroupID="100" Category="Drone" CategoryID="18">2456</Setting>
	<Setting Name="Hornet I" Group="Combat Drone" GroupID="100" Category="Drone" CategoryID="18">2464</Setting>
	<Setting Name="Hulk" Group="Exhumer" GroupID="543" Category="Ship" CategoryID="6">22544</Setting>
	<Setting Name="Hurricane" Group="Battlecruiser" GroupID="419" Category="Ship" CategoryID="6">24702</Setting>
	<Setting Name="Ibis" Group="Rookie ship" GroupID="237" Category="Ship" CategoryID="6">601</Setting>
	<Setting Name="Ice Field" Group="Asteroid Belt" GroupID="9" Category="Celestial" CategoryID="2">17774</Setting>
	<Setting Name="Imicus" Group="Frigate" GroupID="25" Category="Ship" CategoryID="6">607</Setting>
	<Setting Name="Ishtar" Group="Heavy Assault Ship" GroupID="358" Category="Ship" CategoryID="6">12005</Setting>
	<Setting Name="Iteron Mark V" Group="Industrial" GroupID="28" Category="Ship" CategoryID="6">657</Setting>
	<Setting Name="LCS Stargate ( Caldari 1 )" Group="Large Collidable Structure" GroupID="319" Category="Entity" CategoryID="11">24565</Setting>
	<Setting Name="Legion" Group="Strategic Cruiser" GroupID="963" Category="Ship" CategoryID="6">29986</Setting>
	<Setting Name="Loki" Group="Strategic Cruiser" GroupID="963" Category="Ship" CategoryID="6">29990</Setting>
	<Setting Name="Machariel" Group="Battleship" GroupID="27" Category="Ship" CategoryID="6">17738</Setting>
	<Setting Name="Mackinaw" Group="Exhumer" GroupID="543" Category="Ship" CategoryID="6">22548</Setting>
	<Setting Name="Maelstrom" Group="Battleship" GroupID="27" Category="Ship" CategoryID="6">24694</Setting>
	<Setting Name="Mammoth" Group="Industrial" GroupID="28" Category="Ship" CategoryID="6">652</Setting>
	<Setting Name="Manticore" Group="Stealth Bomber" GroupID="834" Category="Ship" CategoryID="6">12032</Setting>
	<Setting Name="Massive Scordite" Group="Scordite" GroupID="460" Category="Asteroid" CategoryID="25">17464</Setting>
	<Setting Name="Megathron Navy Issue" Group="Battleship" GroupID="27" Category="Ship" CategoryID="6">17728</Setting>
	<Setting Name="Merlin" Group="Frigate" GroupID="25" Category="Ship" CategoryID="6">603</Setting>
	<Setting Name="Mining Drone I" Group="Mining Drone" GroupID="101" Category="Drone" CategoryID="18">10246</Setting>
	<Setting Name="Minmatar Sentry Gun" Group="Sentry Gun" GroupID="99" Category="Entity" CategoryID="11">3743</Setting>
	<Setting Name="Minmatar Shuttle" Group="Shuttle" GroupID="31" Category="Ship" CategoryID="6">11132</Setting>
	<Setting Name="Minmatar Station" Group="Station" GroupID="15" Category="Station" CategoryID="3">2501</Setting>
	<Setting Name="Moon" Group="Moon" GroupID="8" Category="Celestial" CategoryID="2">14</Setting>
	<Setting Name="Noctis" Group="Industrial" GroupID="28" Category="Ship" CategoryID="6">2998</Setting>
	<Setting Name="Nomad" Group="Jump Freighter" GroupID="902" Category="Ship" CategoryID="6">28846</Setting>
	<Setting Name="Obelisk" Group="Freighter" GroupID="513" Category="Ship" CategoryID="6">20187</Setting>
	<Setting Name="Occator" Group="Transport Ship" GroupID="380" Category="Ship" CategoryID="6">12745</Setting>
	<Setting Name="Ogre II" Group="Combat Drone" GroupID="100" Category="Drone" CategoryID="18">2446</Setting>
	<Setting Name="Orca" Group="Industrial Command Ship" GroupID="941" Category="Ship" CategoryID="6">28606</Setting>
	<Setting Name="Outpost/Disc - Spiky &amp; Pulsating" Group="Large Collidable Object" GroupID="226" Category="Celestial" CategoryID="2">10119</Setting>
	<Setting Name="Pithatis Assaulter" Group="Deadspace Guristas BattleCruiser" GroupID="611" Category="Entity" CategoryID="11">24015</Setting>
	<Setting Name="Pithatis Death Dealer" Group="Deadspace Guristas BattleCruiser" GroupID="611" Category="Entity" CategoryID="11">24017</Setting>
	<Setting Name="Pithatis Enforcer" Group="Deadspace Guristas BattleCruiser" GroupID="611" Category="Entity" CategoryID="11">24014</Setting>
	<Setting Name="Pithatis Executor" Group="Deadspace Guristas BattleCruiser" GroupID="611" Category="Entity" CategoryID="11">24001</Setting>
	<Setting Name="Pithatis Revolter" Group="Deadspace Guristas BattleCruiser" GroupID="611" Category="Entity" CategoryID="11">24018</Setting>
	<Setting Name="Pithi Wrecker" Group="Deadspace Guristas Frigate" GroupID="615" Category="Entity" CategoryID="11">17006</Setting>
	<Setting Name="Pithior Nihilist" Group="Deadspace Guristas Destroyer" GroupID="614" Category="Entity" CategoryID="11">23971</Setting>
	<Setting Name="Pithior Renegade" Group="Deadspace Guristas Destroyer" GroupID="614" Category="Entity" CategoryID="11">23985</Setting>
	<Setting Name="Pithum Eraser" Group="Deadspace Guristas Cruiser" GroupID="613" Category="Entity" CategoryID="11">24087</Setting>
	<Setting Name="Plagioclase" Group="Plagioclase" GroupID="458" Category="Asteroid" CategoryID="25">18</Setting>
	<Setting Name="Planet (Barren)" Group="Planet" GroupID="7" Category="Celestial" CategoryID="2">2016</Setting>
	<Setting Name="Planet (Gas)" Group="Planet" GroupID="7" Category="Celestial" CategoryID="2">13</Setting>
	<Setting Name="Planet (Ice)" Group="Planet" GroupID="7" Category="Celestial" CategoryID="2">12</Setting>
	<Setting Name="Planet (Lava)" Group="Planet" GroupID="7" Category="Celestial" CategoryID="2">2015</Setting>
	<Setting Name="Planet (Oceanic)" Group="Planet" GroupID="7" Category="Celestial" CategoryID="2">2014</Setting>
	<Setting Name="Planet (Plasma)" Group="Planet" GroupID="7" Category="Celestial" CategoryID="2">2063</Setting>
	<Setting Name="Planet (Storm)" Group="Planet" GroupID="7" Category="Celestial" CategoryID="2">2017</Setting>
	<Setting Name="Planet (Temperate)" Group="Planet" GroupID="7" Category="Celestial" CategoryID="2">11</Setting>
	<Setting Name="Power Generator" Group="Large Collidable Structure" GroupID="319" Category="Entity" CategoryID="11">13034</Setting>
	<Setting Name="Proteus" Group="Strategic Cruiser" GroupID="963" Category="Ship" CategoryID="6">29988</Setting>
	<Setting Name="Prowler" Group="Transport Ship" GroupID="380" Category="Ship" CategoryID="6">12735</Setting>
	<Setting Name="Punisher" Group="Frigate" GroupID="25" Category="Ship" CategoryID="6">597</Setting>
	<Setting Name="Pyroxeres" Group="Pyroxeres" GroupID="459" Category="Asteroid" CategoryID="25">1224</Setting>
	<Setting Name="Rattlesnake" Group="Battleship" GroupID="27" Category="Ship" CategoryID="6">17918</Setting>
	<Setting Name="Raven" Group="Battleship" GroupID="27" Category="Ship" CategoryID="6">638</Setting>
	<Setting Name="Raven Navy Issue" Group="Battleship" GroupID="27" Category="Ship" CategoryID="6">17636</Setting>
	<Setting Name="Reaper" Group="Rookie ship" GroupID="237" Category="Ship" CategoryID="6">588</Setting>
	<Setting Name="Rich Plagioclase" Group="Plagioclase" GroupID="458" Category="Asteroid" CategoryID="25">17456</Setting>
	<Setting Name="Rifter" Group="Frigate" GroupID="25" Category="Ship" CategoryID="6">587</Setting>
	<Setting Name="Rock Formation - Branched &amp; Twisted" Group="Large Collidable Object" GroupID="226" Category="Celestial" CategoryID="2">10137</Setting>
	<Setting Name="Ruined Monument" Group="Large Collidable Object" GroupID="226" Category="Celestial" CategoryID="2">3881</Setting>
	<Setting Name="Sanshas Small Wreck" Group="Wreck" GroupID="186" Category="Celestial" CategoryID="2">26579</Setting>
	<Setting Name="Scordite" Group="Scordite" GroupID="460" Category="Asteroid" CategoryID="25">1228</Setting>
	<Setting Name="Scorpion" Group="Battleship" GroupID="27" Category="Ship" CategoryID="6">640</Setting>
	<Setting Name="Scorpion Navy Issue" Group="Battleship" GroupID="27" Category="Ship" CategoryID="6">32309</Setting>
	<Setting Name="Scourge Heavy Missile" Group="Heavy Missile" GroupID="385" Category="Charge" CategoryID="8">209</Setting>
	<Setting Name="Sigil" Group="Industrial" GroupID="28" Category="Ship" CategoryID="6">19744</Setting>
	<Setting Name="Small Secure Container" Group="Secure Cargo Container" GroupID="340" Category="Celestial" CategoryID="2">3467</Setting>
	<Setting Name="Snake Shaped Asteroid" Group="Large Collidable Object" GroupID="226" Category="Celestial" CategoryID="2">10787</Setting>
	<Setting Name="Solid Pyroxeres" Group="Pyroxeres" GroupID="459" Category="Asteroid" CategoryID="25">17459</Setting>
	<Setting Name="Stabber" Group="Cruiser" GroupID="26" Category="Ship" CategoryID="6">622</Setting>
	<Setting Name="Starbase Auxiliary Power Array" Group="Large Collidable Structure" GroupID="319" Category="Entity" CategoryID="11">17784</Setting>
	<Setting Name="Starbase Explosion Dampening Array" Group="Large Collidable Structure" GroupID="319" Category="Entity" CategoryID="11">26727</Setting>
	<Setting Name="Starbase Stealth Emitter Array" Group="Large Collidable Structure" GroupID="319" Category="Entity" CategoryID="11">26725</Setting>
	<Setting Name="Starbase Ultra-Fast Silo" Group="Large Collidable Structure" GroupID="319" Category="Entity" CategoryID="11">26721</Setting>
	<Setting Name="Stargate (Amarr System)" Group="Stargate" GroupID="10" Category="Celestial" CategoryID="2">29624</Setting>
	<Setting Name="Stargate (Caldari Constellation)" Group="Stargate" GroupID="10" Category="Celestial" CategoryID="2">29627</Setting>
	<Setting Name="Stargate (Caldari Region)" Group="Stargate" GroupID="10" Category="Celestial" CategoryID="2">29629</Setting>
	<Setting Name="Stargate (Caldari System)" Group="Stargate" GroupID="10" Category="Celestial" CategoryID="2">16</Setting>
	<Setting Name="Station ( Caldari 5 )" Group="Station" GroupID="15" Category="Station" CategoryID="3">3871</Setting>
	<Setting Name="Station ( Caldari 6 )" Group="Station" GroupID="15" Category="Station" CategoryID="3">3872</Setting>
	<Setting Name="Station ( Gallente 3 )" Group="Station" GroupID="15" Category="Station" CategoryID="3">3865</Setting>
	<Setting Name="Station (Caldari 1)" Group="Station" GroupID="15" Category="Station" CategoryID="3">1529</Setting>
	<Setting Name="Station (Caldari 2)" Group="Station" GroupID="15" Category="Station" CategoryID="3">1530</Setting>
	<Setting Name="Station (Caldari 3)" Group="Station" GroupID="15" Category="Station" CategoryID="3">1531</Setting>
	<Setting Name="Station (Caldari 4)" Group="Station" GroupID="15" Category="Station" CategoryID="3">54</Setting>
	<Setting Name="Sun A0 (Blue Small)" Group="Sun" GroupID="6" Category="Celestial" CategoryID="2">3801</Setting>
	<Setting Name="Sun G3 (Pink Small)" Group="Sun" GroupID="6" Category="Celestial" CategoryID="2">3799</Setting>
	<Setting Name="Sun G5 (Pink)" Group="Sun" GroupID="6" Category="Celestial" CategoryID="2">3797</Setting>
	<Setting Name="Sun G5 (Yellow)" Group="Sun" GroupID="6" Category="Celestial" CategoryID="2">6</Setting>
	<Setting Name="Sun K5 (Orange Bright)" Group="Sun" GroupID="6" Category="Celestial" CategoryID="2">3798</Setting>
	<Setting Name="Sun K5 (Red Giant)" Group="Sun" GroupID="6" Category="Celestial" CategoryID="2">8</Setting>
	<Setting Name="Sun M0 (Orange radiant)" Group="Sun" GroupID="6" Category="Celestial" CategoryID="2">3800</Setting>
	<Setting Name="Sun O1 (Blue Bright)" Group="Sun" GroupID="6" Category="Celestial" CategoryID="2">3796</Setting>
	<Setting Name="Tengu" Group="Strategic Cruiser" GroupID="963" Category="Ship" CategoryID="6">29984</Setting>
	<Setting Name="Thorn Rocket" Group="Rocket" GroupID="387" Category="Charge" CategoryID="8">266</Setting>
	<Setting Name="Thrasher" Group="Destroyer" GroupID="420" Category="Ship" CategoryID="6">16242</Setting>
	<Setting Name="Tower Sentry Guristas II" Group="Destructible Sentry Gun" GroupID="383" Category="Entity" CategoryID="11">17153</Setting>
	<Setting Name="Typhoon" Group="Battleship" GroupID="27" Category="Ship" CategoryID="6">644</Setting>
	<Setting Name="Vargur" Group="Marauder" GroupID="900" Category="Ship" CategoryID="6">28665</Setting>
	<Setting Name="Veldspar" Group="Veldspar" GroupID="462" Category="Asteroid" CategoryID="25">1230</Setting>
	<Setting Name="Viator" Group="Transport Ship" GroupID="380" Category="Ship" CategoryID="6">12743</Setting>
	<Setting Name="Vigil" Group="Frigate" GroupID="25" Category="Ship" CategoryID="6">3766</Setting>
	<Setting Name="Vindicator" Group="Battleship" GroupID="27" Category="Ship" CategoryID="6">17740</Setting>
	<Setting Name="Viscous Pyroxeres" Group="Pyroxeres" GroupID="459" Category="Asteroid" CategoryID="25">17460</Setting>
</InnerSpaceSettings>
