﻿<?xml version='1.0' encoding='UTF-8'?>
<!-- Generated by LavishSettings v2 -->
<InnerSpaceSettings>
	<Setting Name="'Accord' I Core Compensation" Group="Warp Core Stabilizer" GroupID="315" Category="Module" CategoryID="7">16297</Setting>
	<Setting Name="'Arbalest' Assault Missile Launcher" Group="Missile Launcher Assault" GroupID="511" Category="Module" CategoryID="7">8027</Setting>
	<Setting Name="'Arbalest' Rocket Launcher I" Group="Missile Launcher Rocket" GroupID="507" Category="Module" CategoryID="7">16527</Setting>
	<Setting Name="'Malkuth' Assault Missile Launcher I" Group="Missile Launcher Assault" GroupID="511" Category="Module" CategoryID="7">8023</Setting>
	<Setting Name="'Malkuth' Heavy Missile Launcher I" Group="Missile Launcher Heavy" GroupID="510" Category="Module" CategoryID="7">8101</Setting>
	<Setting Name="'Malkuth' Rocket Launcher I" Group="Missile Launcher Rocket" GroupID="507" Category="Module" CategoryID="7">16521</Setting>
	<Setting Name="'Malkuth' Standard Missile Launcher I" Group="Missile Launcher Standard" GroupID="509" Category="Module" CategoryID="7">8089</Setting>
	<Setting Name="'Orion' Tracking CPU I" Group="Tracking Computer" GroupID="213" Category="Module" CategoryID="7">6175</Setting>
	<Setting Name="'Rash' ECM Emission I" Group="ECM Burst" GroupID="80" Category="Module" CategoryID="7">5363</Setting>
	<Setting Name="10MN Afterburner I" Group="Afterburner" GroupID="46" Category="Module" CategoryID="7">12056</Setting>
	<Setting Name="10MN MicroWarpdrive I" Group="Afterburner" GroupID="46" Category="Module" CategoryID="7">12052</Setting>
	<Setting Name="125mm Carbide Railgun I" Group="Hybrid Weapon" GroupID="74" Category="Module" CategoryID="7">10690</Setting>
	<Setting Name="125mm Gatling AutoCannon I" Group="Projectile Weapon" GroupID="55" Category="Module" CategoryID="7">484</Setting>
	<Setting Name="125mm Railgun I" Group="Hybrid Weapon" GroupID="74" Category="Module" CategoryID="7">10678</Setting>
	<Setting Name="150mm Compressed Coil Gun I" Group="Hybrid Weapon" GroupID="74" Category="Module" CategoryID="7">7293</Setting>
	<Setting Name="150mm Railgun I" Group="Hybrid Weapon" GroupID="74" Category="Module" CategoryID="7">565</Setting>
	<Setting Name="1MN Afterburner I" Group="Afterburner" GroupID="46" Category="Module" CategoryID="7">439</Setting>
	<Setting Name="1MN MicroWarpdrive I" Group="Afterburner" GroupID="46" Category="Module" CategoryID="7">434</Setting>
	<Setting Name="200mm Railgun I" Group="Hybrid Weapon" GroupID="74" Category="Module" CategoryID="7">12344</Setting>
	<Setting Name="250mm 'Scout' I Accelerator Cannon" Group="Hybrid Weapon" GroupID="74" Category="Module" CategoryID="7">7369</Setting>
	<Setting Name="250mm Carbide Railgun I" Group="Hybrid Weapon" GroupID="74" Category="Module" CategoryID="7">7371</Setting>
	<Setting Name="250mm Railgun I" Group="Hybrid Weapon" GroupID="74" Category="Module" CategoryID="7">570</Setting>
	<Setting Name="Acolyte I" Group="Combat Drone" GroupID="100" Category="Drone" CategoryID="18">2203</Setting>
	<Setting Name="Alloyed Tritanium Bar" Group="Salvaged Materials" GroupID="754" Category="Material" CategoryID="4">25595</Setting>
	<Setting Name="Antimatter Charge M" Group="Hybrid Ammo" GroupID="85" Category="Charge" CategoryID="8">230</Setting>
	<Setting Name="Assault Missile Launcher I" Group="Missile Launcher Assault" GroupID="511" Category="Module" CategoryID="7">1875</Setting>
	<Setting Name="Ballistic Control System II" Group="Ballistic Control system" GroupID="367" Category="Module" CategoryID="7">22291</Setting>
	<Setting Name="Ballistic Deflection Field I" Group="Shield Hardener" GroupID="77" Category="Module" CategoryID="7">2291</Setting>
	<Setting Name="Bane Torpedo" Group="Torpedo" GroupID="89" Category="Charge" CategoryID="8">2508</Setting>
	<Setting Name="Bookmark" Group="Voucher" GroupID="24" Category="Accessories" CategoryID="5">51</Setting>
	<Setting Name="Broken Drone Transceiver" Group="Salvaged Materials" GroupID="754" Category="Material" CategoryID="4">25596</Setting>
	<Setting Name="Burned Logic Circuit" Group="Salvaged Materials" GroupID="754" Category="Material" CategoryID="4">25600</Setting>
	<Setting Name="Caldari Navy Commodore Insignia I" Group="Empire Insignia Drops" GroupID="409" Category="Commodity" CategoryID="17">15602</Setting>
	<Setting Name="Caldari Navy Commodore Insignia II" Group="Empire Insignia Drops" GroupID="409" Category="Commodity" CategoryID="17">15656</Setting>
	<Setting Name="Cap Booster 100" Group="Capacitor Booster Charge" GroupID="87" Category="Charge" CategoryID="8">3554</Setting>
	<Setting Name="Cap Booster 150" Group="Capacitor Booster Charge" GroupID="87" Category="Charge" CategoryID="8">11283</Setting>
	<Setting Name="Cap Booster 25" Group="Capacitor Booster Charge" GroupID="87" Category="Charge" CategoryID="8">263</Setting>
	<Setting Name="Cap Booster 75" Group="Capacitor Booster Charge" GroupID="87" Category="Charge" CategoryID="8">3552</Setting>
	<Setting Name="Carbon" Group="General" GroupID="280" Category="Commodity" CategoryID="17">9826</Setting>
	<Setting Name="Carbonized Lead S" Group="Projectile Ammo" GroupID="83" Category="Charge" CategoryID="8">178</Setting>
	<Setting Name="Cargo Scanner I" Group="Cargo Scanner" GroupID="47" Category="Module" CategoryID="7">442</Setting>
	<Setting Name="Cataclysm Cruise Missile" Group="Cruise Missile" GroupID="386" Category="Charge" CategoryID="8">204</Setting>
	<Setting Name="Charred Micro Circuit" Group="Salvaged Materials" GroupID="754" Category="Material" CategoryID="4">25599</Setting>
	<Setting Name="Civilian Shield Booster I" Group="Shield Booster" GroupID="40" Category="Module" CategoryID="7">10039</Setting>
	<Setting Name="Co-Processor I" Group="CPU Enhancer" GroupID="285" Category="Module" CategoryID="7">3887</Setting>
	<Setting Name="Compulsive Multispectral ECM I" Group="ECM" GroupID="201" Category="Module" CategoryID="7">19931</Setting>
	<Setting Name="Concussion Bomb" Group="Bomb" GroupID="90" Category="Charge" CategoryID="8">27912</Setting>
	<Setting Name="Condensed Alloy" Group="Refinables" GroupID="355" Category="Commodity" CategoryID="17">11739</Setting>
	<Setting Name="Conductive Polymer" Group="Salvaged Materials" GroupID="754" Category="Material" CategoryID="4">25604</Setting>
	<Setting Name="Contaminated Lorentz Fluid" Group="Salvaged Materials" GroupID="754" Category="Material" CategoryID="4">25591</Setting>
	<Setting Name="Contaminated Nanite Compound" Group="Salvaged Materials" GroupID="754" Category="Material" CategoryID="4">25590</Setting>
	<Setting Name="Covert Ops Cloaking Device II" Group="Cloaking Device" GroupID="330" Category="Module" CategoryID="7">11578</Setting>
	<Setting Name="Crystal Compound" Group="Refinables" GroupID="355" Category="Commodity" CategoryID="17">11741</Setting>
	<Setting Name="Damaged Artificial Neural Network" Group="Salvaged Materials" GroupID="754" Category="Material" CategoryID="4">25597</Setting>
	<Setting Name="Dark Compound" Group="Refinables" GroupID="355" Category="Commodity" CategoryID="17">11735</Setting>
	<Setting Name="DDO Photometry Tracking Disruptor I" Group="Tracking Disruptor" GroupID="291" Category="Module" CategoryID="7">5322</Setting>
	<Setting Name="Defective Current Pump" Group="Salvaged Materials" GroupID="754" Category="Material" CategoryID="4">25592</Setting>
	<Setting Name="Defender I" Group="Defender Missile" GroupID="88" Category="Charge" CategoryID="8">265</Setting>
	<Setting Name="Devastator Cruise Missile" Group="Cruise Missile" GroupID="386" Category="Charge" CategoryID="8">205</Setting>
	<Setting Name="Ditrigonal Thermal Barrier Crystallization I" Group="Shield Hardener" GroupID="77" Category="Module" CategoryID="7">9660</Setting>
	<Setting Name="Dual 150mm Carbide Railgun I" Group="Hybrid Weapon" GroupID="74" Category="Module" CategoryID="7">7331</Setting>
	<Setting Name="Dual 150mm Railgun I" Group="Hybrid Weapon" GroupID="74" Category="Module" CategoryID="7">567</Setting>
	<Setting Name="ECCM - Gravimetric I" Group="ECCM" GroupID="202" Category="Module" CategoryID="7">2004</Setting>
	<Setting Name="ECCM - Omni I" Group="ECCM" GroupID="202" Category="Module" CategoryID="7">2005</Setting>
	<Setting Name="ECCM Projector I" Group="Projected ECCM" GroupID="289" Category="Module" CategoryID="7">1959</Setting>
	<Setting Name="ECM - Multispectral Jammer I" Group="ECM" GroupID="201" Category="Module" CategoryID="7">1957</Setting>
	<Setting Name="ECM - Spatial Destabilizer I" Group="ECM" GroupID="201" Category="Module" CategoryID="7">1955</Setting>
	<Setting Name="ECM Burst I" Group="ECM Burst" GroupID="80" Category="Module" CategoryID="7">580</Setting>
	<Setting Name="Explosion Dampening Amplifier I" Group="Shield Amplifier" GroupID="295" Category="Module" CategoryID="7">2529</Setting>
	<Setting Name="Exterminator F.O.F. Light Missile I" Group="FoF Light Missile" GroupID="394" Category="Charge" CategoryID="8">1814</Setting>
	<Setting Name="F-12 Nonlinear Tracking Processor" Group="Tracking Computer" GroupID="213" Category="Module" CategoryID="7">6176</Setting>
	<Setting Name="Flameburst Light Missile" Group="Light Missile" GroupID="384" Category="Charge" CategoryID="8">211</Setting>
	<Setting Name="Fried Interface Circuit" Group="Salvaged Materials" GroupID="754" Category="Material" CategoryID="4">25601</Setting>
	<Setting Name="Fusion S" Group="Projectile Ammo" GroupID="83" Category="Charge" CategoryID="8">183</Setting>
	<Setting Name="Garde I" Group="Combat Drone" GroupID="100" Category="Drone" CategoryID="18">23561</Setting>
	<Setting Name="Gleaming Alloy" Group="Refinables" GroupID="355" Category="Commodity" CategoryID="17">11740</Setting>
	<Setting Name="Glossy Compound" Group="Refinables" GroupID="355" Category="Commodity" CategoryID="17">11724</Setting>
	<Setting Name="Gneiss" Group="Gneiss" GroupID="467" Category="Asteroid" CategoryID="25">1229</Setting>
	<Setting Name="Gravimetric Backup Array I" Group="Sensor Backup Array" GroupID="203" Category="Module" CategoryID="7">2579</Setting>
	<Setting Name="Guristas Palladium Tag" Group="Criminal Tags" GroupID="370" Category="Commodity" CategoryID="17">17208</Setting>
	<Setting Name="Hammerhead I" Group="Combat Drone" GroupID="100" Category="Drone" CategoryID="18">2183</Setting>
	<Setting Name="Hammerhead II" Group="Combat Drone" GroupID="100" Category="Drone" CategoryID="18">2185</Setting>
	<Setting Name="Havoc Heavy Missile" Group="Heavy Missile" GroupID="385" Category="Charge" CategoryID="8">206</Setting>
	<Setting Name="Heat Dissipation Amplifier I" Group="Shield Amplifier" GroupID="295" Category="Module" CategoryID="7">2537</Setting>
	<Setting Name="Heat Dissipation Field I" Group="Shield Hardener" GroupID="77" Category="Module" CategoryID="7">2295</Setting>
	<Setting Name="Heavy Assault Missile Launcher I" Group="Missile Launcher Heavy Assault" GroupID="771" Category="Module" CategoryID="7">20138</Setting>
	<Setting Name="Heavy Missile Launcher I" Group="Missile Launcher Heavy" GroupID="510" Category="Module" CategoryID="7">501</Setting>
	<Setting Name="Hellhound F.O.F. Heavy Missile I" Group="FoF Heavy Missile" GroupID="395" Category="Charge" CategoryID="8">1824</Setting>
	<Setting Name="Hobgoblin I" Group="Combat Drone" GroupID="100" Category="Drone" CategoryID="18">2454</Setting>
	<Setting Name="Hornet I" Group="Combat Drone" GroupID="100" Category="Drone" CategoryID="18">2464</Setting>
	<Setting Name="Hydra F.O.F. Heavy Missile I" Group="FoF Heavy Missile" GroupID="395" Category="Charge" CategoryID="8">1818</Setting>
	<Setting Name="Indirect Scanning Dampening Unit I" Group="Remote Sensor Damper" GroupID="208" Category="Module" CategoryID="7">5300</Setting>
	<Setting Name="Initiated Multispectral ECM I" Group="ECM" GroupID="201" Category="Module" CategoryID="7">9521</Setting>
	<Setting Name="Initiated Signal Distortion Amplifier I" Group="ECM Stabilizer" GroupID="514" Category="Module" CategoryID="7">25571</Setting>
	<Setting Name="Iridium Charge M" Group="Hybrid Ammo" GroupID="85" Category="Charge" CategoryID="8">225</Setting>
	<Setting Name="Iridium Charge S" Group="Hybrid Ammo" GroupID="85" Category="Charge" CategoryID="8">217</Setting>
	<Setting Name="Iron Charge M" Group="Hybrid Ammo" GroupID="85" Category="Charge" CategoryID="8">223</Setting>
	<Setting Name="Iron Charge S" Group="Hybrid Ammo" GroupID="85" Category="Charge" CategoryID="8">215</Setting>
	<Setting Name="J5b Phased Prototype Warp Scrambler I" Group="Warp Scrambler" GroupID="52" Category="Module" CategoryID="7">5439</Setting>
	<Setting Name="Kruul's DNA" Group="Miscellaneous" GroupID="314" Category="Commodity" CategoryID="17">14292</Setting>
	<Setting Name="Lead Charge M" Group="Hybrid Ammo" GroupID="85" Category="Charge" CategoryID="8">226</Setting>
	<Setting Name="Lead Charge S" Group="Hybrid Ammo" GroupID="85" Category="Charge" CategoryID="8">218</Setting>
	<Setting Name="Local Power Plant Manager: Reaction Shield Power Relay I" Group="Shield Power Relay" GroupID="57" Category="Module" CategoryID="7">8331</Setting>
	<Setting Name="Lucent Compound" Group="Refinables" GroupID="355" Category="Commodity" CategoryID="17">11738</Setting>
	<Setting Name="Lustering Alloy" Group="Refinables" GroupID="355" Category="Commodity" CategoryID="17">11736</Setting>
	<Setting Name="Malfunctioning Shield Emitter" Group="Salvaged Materials" GroupID="754" Category="Material" CategoryID="4">25589</Setting>
	<Setting Name="Medium Armor Repairer I" Group="Armor Repair Unit" GroupID="62" Category="Module" CategoryID="7">3528</Setting>
	<Setting Name="Medium C5-L Emergency Shield Overload I" Group="Shield Booster" GroupID="40" Category="Module" CategoryID="7">10872</Setting>
	<Setting Name="Medium Capacitor Battery I" Group="Capacitor Battery" GroupID="61" Category="Module" CategoryID="7">2018</Setting>
	<Setting Name="Medium Capacitor Booster I" Group="Capacitor Booster" GroupID="76" Category="Module" CategoryID="7">577</Setting>
	<Setting Name="Medium Graviton Smartbomb I" Group="Smart Bomb" GroupID="72" Category="Module" CategoryID="7">3941</Setting>
	<Setting Name="Medium Hull Repairer I" Group="Hull Repair Unit" GroupID="63" Category="Module" CategoryID="7">3653</Setting>
	<Setting Name="Medium Ohm Capacitor Reserve I" Group="Capacitor Battery" GroupID="61" Category="Module" CategoryID="7">6097</Setting>
	<Setting Name="Medium Proton Smartbomb I" Group="Smart Bomb" GroupID="72" Category="Module" CategoryID="7">3937</Setting>
	<Setting Name="Medium Shield Booster I" Group="Shield Booster" GroupID="40" Category="Module" CategoryID="7">10836</Setting>
	<Setting Name="Medium Shield Extender I" Group="Shield Extender" GroupID="38" Category="Module" CategoryID="7">3829</Setting>
	<Setting Name="Medium Shield Transporter I" Group="Shield Transporter" GroupID="41" Category="Module" CategoryID="7">3596</Setting>
	<Setting Name="Medium Subordinate Screen Stabilizer I" Group="Shield Extender" GroupID="38" Category="Module" CategoryID="7">8397</Setting>
	<Setting Name="Medium Supplemental Barrier Emitter I" Group="Shield Extender" GroupID="38" Category="Module" CategoryID="7">8477</Setting>
	<Setting Name="Medium YF-12a Smartbomb" Group="Smart Bomb" GroupID="72" Category="Module" CategoryID="7">9800</Setting>
	<Setting Name="Melted Capacitor Console" Group="Salvaged Materials" GroupID="754" Category="Material" CategoryID="4">25603</Setting>
	<Setting Name="Metal Scraps" Group="Commodities" GroupID="526" Category="Commodity" CategoryID="17">15331</Setting>
	<Setting Name="Microwave L" Group="Frequency Crystal" GroupID="86" Category="Charge" CategoryID="8">256</Setting>
	<Setting Name="Militants" Group="Livestock" GroupID="283" Category="Commodity" CategoryID="17">25373</Setting>
	<Setting Name="Miner I" Group="Mining Laser" GroupID="54" Category="Module" CategoryID="7">483</Setting>
	<Setting Name="Mining Drone I" Group="Mining Drone" GroupID="101" Category="Drone" CategoryID="18">10246</Setting>
	<Setting Name="Motley Compound" Group="Refinables" GroupID="355" Category="Commodity" CategoryID="17">11733</Setting>
	<Setting Name="Multi Sensor Backup Array I" Group="Sensor Backup Array" GroupID="203" Category="Module" CategoryID="7">2591</Setting>
	<Setting Name="Multifrequency L" Group="Frequency Crystal" GroupID="86" Category="Charge" CategoryID="8">262</Setting>
	<Setting Name="Nanomechanical CPU Enhancer I" Group="CPU Enhancer" GroupID="285" Category="Module" CategoryID="7">8747</Setting>
	<Setting Name="Non-Inertial Ballistic Screen Augmentation I" Group="Shield Hardener" GroupID="77" Category="Module" CategoryID="7">9608</Setting>
	<Setting Name="Ogre II" Group="Combat Drone" GroupID="100" Category="Drone" CategoryID="18">2446</Setting>
	<Setting Name="Omni Positional ECCM Sensor System I" Group="ECCM" GroupID="202" Category="Module" CategoryID="7">7965</Setting>
	<Setting Name="Omnidirectional Tracking Link I" Group="Drone Tracking Modules" GroupID="646" Category="Module" CategoryID="7">23533</Setting>
	<Setting Name="Opulent Compound" Group="Refinables" GroupID="355" Category="Commodity" CategoryID="17">11734</Setting>
	<Setting Name="Passive Targeter I" Group="Passive Targeting System" GroupID="82" Category="Module" CategoryID="7">581</Setting>
	<Setting Name="Phalanx Rocket" Group="Rocket" GroupID="387" Category="Charge" CategoryID="8">2516</Setting>
	<Setting Name="Phased Muon ECCM Caster I" Group="Projected ECCM" GroupID="289" Category="Module" CategoryID="7">7220</Setting>
	<Setting Name="Photon Scattering Field I" Group="Shield Hardener" GroupID="77" Category="Module" CategoryID="7">2293</Setting>
	<Setting Name="Piranha Light Missile" Group="Light Missile" GroupID="384" Category="Charge" CategoryID="8">213</Setting>
	<Setting Name="Plush Compound" Group="Refinables" GroupID="355" Category="Commodity" CategoryID="17">11725</Setting>
	<Setting Name="Plutonium Charge M" Group="Hybrid Ammo" GroupID="85" Category="Charge" CategoryID="8">229</Setting>
	<Setting Name="Plutonium Charge S" Group="Hybrid Ammo" GroupID="85" Category="Charge" CategoryID="8">221</Setting>
	<Setting Name="Praetor I" Group="Combat Drone" GroupID="100" Category="Drone" CategoryID="18">2193</Setting>
	<Setting Name="Precious Alloy" Group="Refinables" GroupID="355" Category="Commodity" CategoryID="17">11737</Setting>
	<Setting Name="Proton S" Group="Projectile Ammo" GroupID="83" Category="Charge" CategoryID="8">180</Setting>
	<Setting Name="Prototype Cloaking Device I" Group="Cloaking Device" GroupID="330" Category="Module" CategoryID="7">11370</Setting>
	<Setting Name="Remote Sensor Booster I" Group="Remote Sensor Booster" GroupID="290" Category="Module" CategoryID="7">1963</Setting>
	<Setting Name="Remote Sensor Dampener I" Group="Remote Sensor Damper" GroupID="208" Category="Module" CategoryID="7">1968</Setting>
	<Setting Name="Residual Survey Scanner I" Group="Survey Scanner" GroupID="49" Category="Module" CategoryID="7">6569</Setting>
	<Setting Name="Rocket Launcher I" Group="Missile Launcher Rocket" GroupID="507" Category="Module" CategoryID="7">10629</Setting>
	<Setting Name="Rudimentary Ship Scanner I" Group="Ship Scanner" GroupID="48" Category="Module" CategoryID="7">6527</Setting>
	<Setting Name="Sabretooth Light Missile" Group="Light Missile" GroupID="384" Category="Charge" CategoryID="8">212</Setting>
	<Setting Name="Scorched Telemetry Processor" Group="Salvaged Materials" GroupID="754" Category="Material" CategoryID="4">25588</Setting>
	<Setting Name="Scourge Heavy Missile" Group="Heavy Missile" GroupID="385" Category="Charge" CategoryID="8">209</Setting>
	<Setting Name="Sensor Booster I" Group="Sensor Booster" GroupID="212" Category="Module" CategoryID="7">1973</Setting>
	<Setting Name="Sheen Compound" Group="Refinables" GroupID="355" Category="Commodity" CategoryID="17">11732</Setting>
	<Setting Name="Shield Flux Coil I" Group="Shield Flux Coil" GroupID="770" Category="Module" CategoryID="7">1254</Setting>
	<Setting Name="Shield Recharger I" Group="Shield Recharger" GroupID="39" Category="Module" CategoryID="7">393</Setting>
	<Setting Name="Shield Recharger II" Group="Shield Recharger" GroupID="39" Category="Module" CategoryID="7">394</Setting>
	<Setting Name="Signal Amplifier I" Group="Signal Amplifier" GroupID="210" Category="Module" CategoryID="7">1986</Setting>
	<Setting Name="Signal Distortion Amplifier I" Group="ECM Stabilizer" GroupID="514" Category="Module" CategoryID="7">25561</Setting>
	<Setting Name="Small 'Ghoul' Energy Siphon I" Group="Energy Vampire" GroupID="68" Category="Module" CategoryID="7">5141</Setting>
	<Setting Name="Small 'Gremlin' Power Core Disruptor I" Group="Energy Destabilizer" GroupID="71" Category="Module" CategoryID="7">4477</Setting>
	<Setting Name="Small Armor Repairer I" Group="Armor Repair Unit" GroupID="62" Category="Module" CategoryID="7">523</Setting>
	<Setting Name="Small Capacitor Battery I" Group="Capacitor Battery" GroupID="61" Category="Module" CategoryID="7">1185</Setting>
	<Setting Name="Small Capacitor Booster I" Group="Capacitor Booster" GroupID="76" Category="Module" CategoryID="7">3566</Setting>
	<Setting Name="Small Clarity Ward Booster I" Group="Shield Booster" GroupID="40" Category="Module" CategoryID="7">6441</Setting>
	<Setting Name="Small Energy Neutralizer I" Group="Energy Destabilizer" GroupID="71" Category="Module" CategoryID="7">533</Setting>
	<Setting Name="Small Energy Transfer Array I" Group="Energy Transfer Array" GroupID="67" Category="Module" CategoryID="7">529</Setting>
	<Setting Name="Small Hull Repairer I" Group="Hull Repair Unit" GroupID="63" Category="Module" CategoryID="7">524</Setting>
	<Setting Name="Small Nosferatu I" Group="Energy Vampire" GroupID="68" Category="Module" CategoryID="7">530</Setting>
	<Setting Name="Small Peroxide I Capacitor Power Cell" Group="Capacitor Battery" GroupID="61" Category="Module" CategoryID="7">4789</Setting>
	<Setting Name="Small Proton Smartbomb I" Group="Smart Bomb" GroupID="72" Category="Module" CategoryID="7">1547</Setting>
	<Setting Name="Small Shield Booster I" Group="Shield Booster" GroupID="40" Category="Module" CategoryID="7">399</Setting>
	<Setting Name="Small Shield Extender I" Group="Shield Extender" GroupID="38" Category="Module" CategoryID="7">377</Setting>
	<Setting Name="Small Shield Transporter I" Group="Shield Transporter" GroupID="41" Category="Module" CategoryID="7">3586</Setting>
	<Setting Name="Smashed Trigger Unit" Group="Salvaged Materials" GroupID="754" Category="Material" CategoryID="4">25593</Setting>
	<Setting Name="Special Delivery" Group="Miscellaneous" GroupID="314" Category="Commodity" CategoryID="17">11068</Setting>
	<Setting Name="Spot Pulsing ECCM I" Group="Projected ECCM" GroupID="289" Category="Module" CategoryID="7">7217</Setting>
	<Setting Name="Standard Missile Launcher I" Group="Missile Launcher Standard" GroupID="509" Category="Module" CategoryID="7">499</Setting>
	<Setting Name="Stasis Webifier I" Group="Stasis Web" GroupID="65" Category="Module" CategoryID="7">526</Setting>
	<Setting Name="Supplemental Screen Generator I" Group="Shield Recharger" GroupID="39" Category="Module" CategoryID="7">6487</Setting>
	<Setting Name="Survey Scanner I" Group="Survey Scanner" GroupID="49" Category="Module" CategoryID="7">444</Setting>
	<Setting Name="Tangled Power Conduit" Group="Salvaged Materials" GroupID="754" Category="Material" CategoryID="4">25594</Setting>
	<Setting Name="Targeting Range Dampening" Group="Sensor Dampener Script" GroupID="911" Category="Charge" CategoryID="8">29015</Setting>
	<Setting Name="Thorium Charge L" Group="Hybrid Ammo" GroupID="85" Category="Charge" CategoryID="8">235</Setting>
	<Setting Name="Thorium Charge S" Group="Hybrid Ammo" GroupID="85" Category="Charge" CategoryID="8">219</Setting>
	<Setting Name="Thorn Rocket" Group="Rocket" GroupID="387" Category="Charge" CategoryID="8">266</Setting>
	<Setting Name="Thunderbolt Heavy Missile" Group="Heavy Missile" GroupID="385" Category="Charge" CategoryID="8">207</Setting>
	<Setting Name="Tourists" Group="Livestock" GroupID="283" Category="Commodity" CategoryID="17">3719</Setting>
	<Setting Name="Tracking Computer I" Group="Tracking Computer" GroupID="213" Category="Module" CategoryID="7">1977</Setting>
	<Setting Name="Tracking Disruptor I" Group="Tracking Disruptor" GroupID="291" Category="Module" CategoryID="7">2108</Setting>
	<Setting Name="Tracking Link I" Group="Tracking Link" GroupID="209" Category="Module" CategoryID="7">2103</Setting>
	<Setting Name="Tripped Power Circuit" Group="Salvaged Materials" GroupID="754" Category="Material" CategoryID="4">25598</Setting>
	<Setting Name="Tungsten Charge M" Group="Hybrid Ammo" GroupID="85" Category="Charge" CategoryID="8">224</Setting>
	<Setting Name="Tungsten Charge S" Group="Hybrid Ammo" GroupID="85" Category="Charge" CategoryID="8">216</Setting>
	<Setting Name="Type-D Power Core Modification: Shield Flux" Group="Shield Flux Coil" GroupID="770" Category="Module" CategoryID="7">8295</Setting>
	<Setting Name="Upgraded 'Limos' Standard Missile Bay I" Group="Missile Launcher Standard" GroupID="509" Category="Module" CategoryID="7">8091</Setting>
	<Setting Name="Uranium Charge M" Group="Hybrid Ammo" GroupID="85" Category="Charge" CategoryID="8">228</Setting>
	<Setting Name="Uranium Charge S" Group="Hybrid Ammo" GroupID="85" Category="Charge" CategoryID="8">220</Setting>
	<Setting Name="Valkyrie II" Group="Combat Drone" GroupID="100" Category="Drone" CategoryID="18">21640</Setting>
	<Setting Name="Ward Console" Group="Salvaged Materials" GroupID="754" Category="Material" CategoryID="4">25606</Setting>
	<Setting Name="Warp Core Stabilizer I" Group="Warp Core Stabilizer" GroupID="315" Category="Module" CategoryID="7">10998</Setting>
	<Setting Name="Warrior II" Group="Combat Drone" GroupID="100" Category="Drone" CategoryID="18">2488</Setting>
	<Setting Name="Widowmaker Heavy Missile" Group="Heavy Missile" GroupID="385" Category="Charge" CategoryID="8">208</Setting>
	<Setting Name="Wrath Cruise Missile" Group="Cruise Missile" GroupID="386" Category="Charge" CategoryID="8">203</Setting>
	<Setting Name="XR-3200 Heavy Missile Bay" Group="Missile Launcher Heavy" GroupID="510" Category="Module" CategoryID="7">7997</Setting>
	<Setting Name="Xray S" Group="Frequency Crystal" GroupID="86" Category="Charge" CategoryID="8">244</Setting>
	<Setting Name="Y-S8 Hydrocarbon I Afterburners" Group="Afterburner" GroupID="46" Category="Module" CategoryID="7">6005</Setting>
	<Setting Name="Y-T8 Overcharged Hydrocarbon I Microwarpdrive" Group="Afterburner" GroupID="46" Category="Module" CategoryID="7">5975</Setting>
</InnerSpaceSettings>
