﻿<?xml version='1.0' encoding='UTF-8'?>
<!-- Generated by LavishSettings v2 -->
<InnerSpaceSettings>
	<Set Name="Accessories" CatID="5">
		<Set Name="Voucher" GroupID="24">
			<Setting Name="Bookmark">51</Setting>
		</Set>
	</Set>
	<Set Name="Asteroid" CatID="25">
		<Set Name="Gneiss" GroupID="467">
			<Setting Name="Gneiss">1229</Setting>
		</Set>
	</Set>
	<Set Name="Charge" CatID="8">
		<Set Name="Bomb" GroupID="90">
			<Setting Name="Concussion Bomb">27912</Setting>
		</Set>
		<Set Name="Capacitor Booster Charge" GroupID="87">
			<Setting Name="Cap Booster 100">3554</Setting>
			<Setting Name="Cap Booster 150">11283</Setting>
			<Setting Name="Cap Booster 25">263</Setting>
			<Setting Name="Cap Booster 75">3552</Setting>
		</Set>
		<Set Name="Cruise Missile" GroupID="386">
			<Setting Name="Cataclysm Cruise Missile">204</Setting>
			<Setting Name="Devastator Cruise Missile">205</Setting>
			<Setting Name="Wrath Cruise Missile">203</Setting>
		</Set>
		<Set Name="Defender Missile" GroupID="88">
			<Setting Name="Defender I">265</Setting>
		</Set>
		<Set Name="FoF Heavy Missile" GroupID="395">
			<Setting Name="Hellhound F.O.F. Heavy Missile I">1824</Setting>
			<Setting Name="Hydra F.O.F. Heavy Missile I">1818</Setting>
		</Set>
		<Set Name="FoF Light Missile" GroupID="394">
			<Setting Name="Exterminator F.O.F. Light Missile I">1814</Setting>
		</Set>
		<Set Name="Frequency Crystal" GroupID="86">
			<Setting Name="Microwave L">256</Setting>
			<Setting Name="Multifrequency L">262</Setting>
			<Setting Name="Xray S">244</Setting>
		</Set>
		<Set Name="Heavy Missile" GroupID="385">
			<Setting Name="Havoc Heavy Missile">206</Setting>
			<Setting Name="Scourge Heavy Missile">209</Setting>
			<Setting Name="Thunderbolt Heavy Missile">207</Setting>
			<Setting Name="Widowmaker Heavy Missile">208</Setting>
		</Set>
		<Set Name="Hybrid Ammo" GroupID="85">
			<Setting Name="Antimatter Charge M">230</Setting>
			<Setting Name="Iridium Charge M">225</Setting>
			<Setting Name="Iridium Charge S">217</Setting>
			<Setting Name="Iron Charge M">223</Setting>
			<Setting Name="Iron Charge S">215</Setting>
			<Setting Name="Lead Charge M">226</Setting>
			<Setting Name="Lead Charge S">218</Setting>
			<Setting Name="Plutonium Charge M">229</Setting>
			<Setting Name="Plutonium Charge S">221</Setting>
			<Setting Name="Thorium Charge L">235</Setting>
			<Setting Name="Thorium Charge S">219</Setting>
			<Setting Name="Tungsten Charge M">224</Setting>
			<Setting Name="Tungsten Charge S">216</Setting>
			<Setting Name="Uranium Charge M">228</Setting>
			<Setting Name="Uranium Charge S">220</Setting>
		</Set>
		<Set Name="Light Missile" GroupID="384">
			<Setting Name="Flameburst Light Missile">211</Setting>
			<Setting Name="Piranha Light Missile">213</Setting>
			<Setting Name="Sabretooth Light Missile">212</Setting>
		</Set>
		<Set Name="Projectile Ammo" GroupID="83">
			<Setting Name="Carbonized Lead S">178</Setting>
			<Setting Name="Fusion S">183</Setting>
			<Setting Name="Proton S">180</Setting>
		</Set>
		<Set Name="Rocket" GroupID="387">
			<Setting Name="Phalanx Rocket">2516</Setting>
			<Setting Name="Thorn Rocket">266</Setting>
		</Set>
		<Set Name="Sensor Dampener Script" GroupID="911">
			<Setting Name="Targeting Range Dampening">29015</Setting>
		</Set>
		<Set Name="Torpedo" GroupID="89">
			<Setting Name="Bane Torpedo">2508</Setting>
		</Set>
	</Set>
	<Set Name="Commodity" CatID="17">
		<Set Name="Commodities" GroupID="526">
			<Setting Name="Metal Scraps">15331</Setting>
		</Set>
		<Set Name="Criminal Tags" GroupID="370">
			<Setting Name="Guristas Palladium Tag">17208</Setting>
		</Set>
		<Set Name="Empire Insignia Drops" GroupID="409">
			<Setting Name="Caldari Navy Commodore Insignia I">15602</Setting>
			<Setting Name="Caldari Navy Commodore Insignia II">15656</Setting>
		</Set>
		<Set Name="General" GroupID="280">
			<Setting Name="Carbon">9826</Setting>
		</Set>
		<Set Name="Livestock" GroupID="283">
			<Setting Name="Militants">25373</Setting>
			<Setting Name="Tourists">3719</Setting>
		</Set>
		<Set Name="Miscellaneous" GroupID="314">
			<Setting Name="Kruul's DNA">14292</Setting>
			<Setting Name="Special Delivery">11068</Setting>
		</Set>
		<Set Name="Refinables" GroupID="355">
			<Setting Name="Condensed Alloy">11739</Setting>
			<Setting Name="Crystal Compound">11741</Setting>
			<Setting Name="Dark Compound">11735</Setting>
			<Setting Name="Gleaming Alloy">11740</Setting>
			<Setting Name="Glossy Compound">11724</Setting>
			<Setting Name="Lucent Compound">11738</Setting>
			<Setting Name="Lustering Alloy">11736</Setting>
			<Setting Name="Motley Compound">11733</Setting>
			<Setting Name="Opulent Compound">11734</Setting>
			<Setting Name="Plush Compound">11725</Setting>
			<Setting Name="Precious Alloy">11737</Setting>
			<Setting Name="Sheen Compound">11732</Setting>
		</Set>
	</Set>
	<Set Name="Drone" CatID="18">
		<Set Name="Combat Drone" GroupID="100">
			<Setting Name="Acolyte I">2203</Setting>
			<Setting Name="Garde I">23561</Setting>
			<Setting Name="Hammerhead I">2183</Setting>
			<Setting Name="Hammerhead II">2185</Setting>
			<Setting Name="Hobgoblin I">2454</Setting>
			<Setting Name="Hornet I">2464</Setting>
			<Setting Name="Ogre II">2446</Setting>
			<Setting Name="Praetor I">2193</Setting>
			<Setting Name="Valkyrie II">21640</Setting>
			<Setting Name="Warrior II">2488</Setting>
		</Set>
		<Set Name="Mining Drone" GroupID="101">
			<Setting Name="Mining Drone I">10246</Setting>
		</Set>
	</Set>
	<Set Name="Material" CatID="4">
		<Set Name="Salvaged Materials" GroupID="754">
			<Setting Name="Alloyed Tritanium Bar">25595</Setting>
			<Setting Name="Broken Drone Transceiver">25596</Setting>
			<Setting Name="Burned Logic Circuit">25600</Setting>
			<Setting Name="Charred Micro Circuit">25599</Setting>
			<Setting Name="Conductive Polymer">25604</Setting>
			<Setting Name="Contaminated Lorentz Fluid">25591</Setting>
			<Setting Name="Contaminated Nanite Compound">25590</Setting>
			<Setting Name="Damaged Artificial Neural Network">25597</Setting>
			<Setting Name="Defective Current Pump">25592</Setting>
			<Setting Name="Fried Interface Circuit">25601</Setting>
			<Setting Name="Malfunctioning Shield Emitter">25589</Setting>
			<Setting Name="Melted Capacitor Console">25603</Setting>
			<Setting Name="Scorched Telemetry Processor">25588</Setting>
			<Setting Name="Smashed Trigger Unit">25593</Setting>
			<Setting Name="Tangled Power Conduit">25594</Setting>
			<Setting Name="Tripped Power Circuit">25598</Setting>
			<Setting Name="Ward Console">25606</Setting>
		</Set>
	</Set>
	<Set Name="Module" CatID="7">
		<Set Name="Afterburner" GroupID="46">
			<Setting Name="10MN Afterburner I">12056</Setting>
			<Setting Name="10MN MicroWarpdrive I">12052</Setting>
			<Setting Name="1MN Afterburner I">439</Setting>
			<Setting Name="1MN MicroWarpdrive I">434</Setting>
			<Setting Name="Y-S8 Hydrocarbon I Afterburners">6005</Setting>
			<Setting Name="Y-T8 Overcharged Hydrocarbon I Microwarpdrive">5975</Setting>
		</Set>
		<Set Name="Armor Repair Unit" GroupID="62">
			<Setting Name="Medium Armor Repairer I">3528</Setting>
			<Setting Name="Small Armor Repairer I">523</Setting>
		</Set>
		<Set Name="Ballistic Control system" GroupID="367">
			<Setting Name="Ballistic Control System II">22291</Setting>
		</Set>
		<Set Name="Capacitor Battery" GroupID="61">
			<Setting Name="Medium Capacitor Battery I">2018</Setting>
			<Setting Name="Medium Ohm Capacitor Reserve I">6097</Setting>
			<Setting Name="Small Capacitor Battery I">1185</Setting>
			<Setting Name="Small Peroxide I Capacitor Power Cell">4789</Setting>
		</Set>
		<Set Name="Capacitor Booster" GroupID="76">
			<Setting Name="Medium Capacitor Booster I">577</Setting>
			<Setting Name="Small Capacitor Booster I">3566</Setting>
		</Set>
		<Set Name="Cargo Scanner" GroupID="47">
			<Setting Name="Cargo Scanner I">442</Setting>
		</Set>
		<Set Name="Cloaking Device" GroupID="330">
			<Setting Name="Covert Ops Cloaking Device II">11578</Setting>
			<Setting Name="Prototype Cloaking Device I">11370</Setting>
		</Set>
		<Set Name="CPU Enhancer" GroupID="285">
			<Setting Name="Co-Processor I">3887</Setting>
			<Setting Name="Nanomechanical CPU Enhancer I">8747</Setting>
		</Set>
		<Set Name="Drone Tracking Modules" GroupID="646">
			<Setting Name="Omnidirectional Tracking Link I">23533</Setting>
		</Set>
		<Set Name="ECCM" GroupID="202">
			<Setting Name="ECCM - Gravimetric I">2004</Setting>
			<Setting Name="ECCM - Omni I">2005</Setting>
			<Setting Name="Omni Positional ECCM Sensor System I">7965</Setting>
		</Set>
		<Set Name="ECM" GroupID="201">
			<Setting Name="Compulsive Multispectral ECM I">19931</Setting>
			<Setting Name="ECM - Multispectral Jammer I">1957</Setting>
			<Setting Name="ECM - Spatial Destabilizer I">1955</Setting>
			<Setting Name="Initiated Multispectral ECM I">9521</Setting>
		</Set>
		<Set Name="ECM Burst" GroupID="80">
			<Setting Name="'Rash' ECM Emission I">5363</Setting>
			<Setting Name="ECM Burst I">580</Setting>
		</Set>
		<Set Name="ECM Stabilizer" GroupID="514">
			<Setting Name="Initiated Signal Distortion Amplifier I">25571</Setting>
			<Setting Name="Signal Distortion Amplifier I">25561</Setting>
		</Set>
		<Set Name="Energy Destabilizer" GroupID="71">
			<Setting Name="Small 'Gremlin' Power Core Disruptor I">4477</Setting>
			<Setting Name="Small Energy Neutralizer I">533</Setting>
		</Set>
		<Set Name="Energy Transfer Array" GroupID="67">
			<Setting Name="Small Energy Transfer Array I">529</Setting>
		</Set>
		<Set Name="Energy Vampire" GroupID="68">
			<Setting Name="Small 'Ghoul' Energy Siphon I">5141</Setting>
			<Setting Name="Small Nosferatu I">530</Setting>
		</Set>
		<Set Name="Hull Repair Unit" GroupID="63">
			<Setting Name="Medium Hull Repairer I">3653</Setting>
			<Setting Name="Small Hull Repairer I">524</Setting>
		</Set>
		<Set Name="Hybrid Weapon" GroupID="74">
			<Setting Name="125mm Carbide Railgun I">10690</Setting>
			<Setting Name="125mm Railgun I">10678</Setting>
			<Setting Name="150mm Compressed Coil Gun I">7293</Setting>
			<Setting Name="150mm Railgun I">565</Setting>
			<Setting Name="200mm Railgun I">12344</Setting>
			<Setting Name="250mm 'Scout' I Accelerator Cannon">7369</Setting>
			<Setting Name="250mm Carbide Railgun I">7371</Setting>
			<Setting Name="250mm Railgun I">570</Setting>
			<Setting Name="Dual 150mm Carbide Railgun I">7331</Setting>
			<Setting Name="Dual 150mm Railgun I">567</Setting>
		</Set>
		<Set Name="Mining Laser" GroupID="54">
			<Setting Name="Miner I">483</Setting>
		</Set>
		<Set Name="Missile Launcher Assault" GroupID="511">
			<Setting Name="'Arbalest' Assault Missile Launcher">8027</Setting>
			<Setting Name="'Malkuth' Assault Missile Launcher I">8023</Setting>
			<Setting Name="Assault Missile Launcher I">1875</Setting>
		</Set>
		<Set Name="Missile Launcher Heavy" GroupID="510">
			<Setting Name="'Malkuth' Heavy Missile Launcher I">8101</Setting>
			<Setting Name="Heavy Missile Launcher I">501</Setting>
			<Setting Name="XR-3200 Heavy Missile Bay">7997</Setting>
		</Set>
		<Set Name="Missile Launcher Heavy Assault" GroupID="771">
			<Setting Name="Heavy Assault Missile Launcher I">20138</Setting>
		</Set>
		<Set Name="Missile Launcher Rocket" GroupID="507">
			<Setting Name="'Arbalest' Rocket Launcher I">16527</Setting>
			<Setting Name="'Malkuth' Rocket Launcher I">16521</Setting>
			<Setting Name="Rocket Launcher I">10629</Setting>
		</Set>
		<Set Name="Missile Launcher Standard" GroupID="509">
			<Setting Name="'Malkuth' Standard Missile Launcher I">8089</Setting>
			<Setting Name="Standard Missile Launcher I">499</Setting>
			<Setting Name="Upgraded 'Limos' Standard Missile Bay I">8091</Setting>
		</Set>
		<Set Name="Passive Targeting System" GroupID="82">
			<Setting Name="Passive Targeter I">581</Setting>
		</Set>
		<Set Name="Projected ECCM" GroupID="289">
			<Setting Name="ECCM Projector I">1959</Setting>
			<Setting Name="Phased Muon ECCM Caster I">7220</Setting>
			<Setting Name="Spot Pulsing ECCM I">7217</Setting>
		</Set>
		<Set Name="Projectile Weapon" GroupID="55">
			<Setting Name="125mm Gatling AutoCannon I">484</Setting>
		</Set>
		<Set Name="Remote Sensor Booster" GroupID="290">
			<Setting Name="Remote Sensor Booster I">1963</Setting>
		</Set>
		<Set Name="Remote Sensor Damper" GroupID="208">
			<Setting Name="Indirect Scanning Dampening Unit I">5300</Setting>
			<Setting Name="Remote Sensor Dampener I">1968</Setting>
		</Set>
		<Set Name="Sensor Backup Array" GroupID="203">
			<Setting Name="Gravimetric Backup Array I">2579</Setting>
			<Setting Name="Multi Sensor Backup Array I">2591</Setting>
		</Set>
		<Set Name="Sensor Booster" GroupID="212">
			<Setting Name="Sensor Booster I">1973</Setting>
		</Set>
		<Set Name="Shield Amplifier" GroupID="295">
			<Setting Name="Explosion Dampening Amplifier I">2529</Setting>
			<Setting Name="Heat Dissipation Amplifier I">2537</Setting>
		</Set>
		<Set Name="Shield Booster" GroupID="40">
			<Setting Name="Civilian Shield Booster I">10039</Setting>
			<Setting Name="Medium C5-L Emergency Shield Overload I">10872</Setting>
			<Setting Name="Medium Shield Booster I">10836</Setting>
			<Setting Name="Small Clarity Ward Booster I">6441</Setting>
			<Setting Name="Small Shield Booster I">399</Setting>
		</Set>
		<Set Name="Shield Extender" GroupID="38">
			<Setting Name="Medium Shield Extender I">3829</Setting>
			<Setting Name="Medium Subordinate Screen Stabilizer I">8397</Setting>
			<Setting Name="Medium Supplemental Barrier Emitter I">8477</Setting>
			<Setting Name="Small Shield Extender I">377</Setting>
		</Set>
		<Set Name="Shield Flux Coil" GroupID="770">
			<Setting Name="Shield Flux Coil I">1254</Setting>
			<Setting Name="Type-D Power Core Modification: Shield Flux">8295</Setting>
		</Set>
		<Set Name="Shield Hardener" GroupID="77">
			<Setting Name="Ballistic Deflection Field I">2291</Setting>
			<Setting Name="Ditrigonal Thermal Barrier Crystallization I">9660</Setting>
			<Setting Name="Heat Dissipation Field I">2295</Setting>
			<Setting Name="Non-Inertial Ballistic Screen Augmentation I">9608</Setting>
			<Setting Name="Photon Scattering Field I">2293</Setting>
		</Set>
		<Set Name="Shield Power Relay" GroupID="57">
			<Setting Name="Local Power Plant Manager: Reaction Shield Power Relay I">8331</Setting>
		</Set>
		<Set Name="Shield Recharger" GroupID="39">
			<Setting Name="Shield Recharger I">393</Setting>
			<Setting Name="Shield Recharger II">394</Setting>
			<Setting Name="Supplemental Screen Generator I">6487</Setting>
		</Set>
		<Set Name="Shield Transporter" GroupID="41">
			<Setting Name="Medium Shield Transporter I">3596</Setting>
			<Setting Name="Small Shield Transporter I">3586</Setting>
		</Set>
		<Set Name="Ship Scanner" GroupID="48">
			<Setting Name="Rudimentary Ship Scanner I">6527</Setting>
		</Set>
		<Set Name="Signal Amplifier" GroupID="210">
			<Setting Name="Signal Amplifier I">1986</Setting>
		</Set>
		<Set Name="Smart Bomb" GroupID="72">
			<Setting Name="Medium Graviton Smartbomb I">3941</Setting>
			<Setting Name="Medium Proton Smartbomb I">3937</Setting>
			<Setting Name="Medium YF-12a Smartbomb">9800</Setting>
			<Setting Name="Small Proton Smartbomb I">1547</Setting>
		</Set>
		<Set Name="Stasis Web" GroupID="65">
			<Setting Name="Stasis Webifier I">526</Setting>
		</Set>
		<Set Name="Survey Scanner" GroupID="49">
			<Setting Name="Residual Survey Scanner I">6569</Setting>
			<Setting Name="Survey Scanner I">444</Setting>
		</Set>
		<Set Name="Tracking Computer" GroupID="213">
			<Setting Name="'Orion' Tracking CPU I">6175</Setting>
			<Setting Name="F-12 Nonlinear Tracking Processor">6176</Setting>
			<Setting Name="Tracking Computer I">1977</Setting>
		</Set>
		<Set Name="Tracking Disruptor" GroupID="291">
			<Setting Name="DDO Photometry Tracking Disruptor I">5322</Setting>
			<Setting Name="Tracking Disruptor I">2108</Setting>
		</Set>
		<Set Name="Tracking Link" GroupID="209">
			<Setting Name="Tracking Link I">2103</Setting>
		</Set>
		<Set Name="Warp Core Stabilizer" GroupID="315">
			<Setting Name="'Accord' I Core Compensation">16297</Setting>
			<Setting Name="Warp Core Stabilizer I">10998</Setting>
		</Set>
		<Set Name="Warp Scrambler" GroupID="52">
			<Setting Name="J5b Phased Prototype Warp Scrambler I">5439</Setting>
		</Set>
	</Set>
</InnerSpaceSettings>
